"assessment_code_EU","assessment_specname_EU","season","Population_status","population_size_unit","PopSizeMin","PopSizeMax","PopSizeMinRnd","PopSizeMaxRnd","PopTrdSht","PopTrdLng","Contribution_target1","addtionnal_record"
22697109,"Bubulcus ibis","B","Secure","p",72122,84611,72100,84700,"-","u","A",False
22720513,"Bucanetes githagineus","B","Secure","p",10300,20500,10300,20500,"-","-","A",False
22680455,"Bucephala clangula","B","Secure","p",267902,381277,267000,382000,"-","+","A",False
22698132,"Bulweria bulwerii","B","Unknown","p",6050,6070,6000,6100,"x","+","E",False
45111439,"Burhinus oedicnemus","B","Depleted","p",47630,77605,47600,77700,"+","-","B",False
61695117,"Buteo buteo","B","Secure","p",528379,767807,528000,768000,"-","+","A",False
22695973,"Buteo lagopus","B","Threatened","p",2200,9200,2200,9200,"0","-","B",False
22736562,"Buteo rufinus","B","Secure","p",1317,2029,1300,2100,"+","+","A",False
22717304,"Calandrella brachydactyla","B","Depleted","p",1179595,1850948,1170000,1860000,"0","-","B",False
22717329,"Calandrella rufescens","B","Declining","p",240029,280054,240000,281000,"-","-","C",False
22721033,"Calcarius lapponicus","B","NearThreatened","p",138000,529000,138000,529000,"-","0","C",False
922693427,"Calidris alpina","B","Depleted","p",24212,41323,24200,41400,"0","-","B",False
22693420,"Calidris maritima","W","NearThreatened","i",16697,18159,16600,18200,"-","-","C",False
22693379,"Calidris minuta","W","Secure","i",14078,28418,14000,28500,"-","0","A",False
22693388,"Calidris temminckii","B","Depleted","p",6400,11600,6400,11600,"0","-","B",False
22732244,"Calonectris borealis","B","Unknown","p",252105,253430,252000,254000,"u","x","E",False
45061132,"Calonectris diomedea","B","Secure","p",29251,46153,29200,46200,"-","-","A",False
22689887,"Caprimulgus europaeus","B","Unknown","cmales",141739,279008,141000,280000,"x","u","E",False
22689875,"Caprimulgus ruficollis","B","Secure","cmales",101200,140300,101000,141000,"-","0","A",False
22725044,"Carduelis flammea","B","Secure","p",869534.666666667,2294197,869000,2300000,"-","-","A",False
22720441,"Carduelis cannabina","B","Declining","p",13765335.3333333,19038889,13700000,19100000,"-","-","C",False
22720419,"Carduelis carduelis","B","Secure","p",23524651.6666667,32546155,23500000,32600000,"0","0","A",False
22696042,"Aquila adalberti","B","Threatened","p",369,376,360,380,"+","+","B",False
22696060,"Aquila chrysaetos","B","Secure","p",4856,5700,4800,5700,"+","+","A",False
22696027,"Aquila clanga","B","Threatened","p",17,33,17,33,"-","-","C",False
22696076,"Aquila fasciatus","B","NearThreatened","p",1063,1167,1000,1200,"0","-","B",False
22696048,"Aquila heliaca","B","NearThreatened","p",192,247,190,250,"+","+","B",False
22696022,"Aquila pomarina","B","Secure","p",11498,15448,11400,15500,"-","+","A",False
22696993,"Ardea cinerea","B","Secure","p",139834,265081,139000,266000,"-","+","A",False
22697031,"Ardea purpurea","B","Secure","p",12663,15730,12600,15800,"-","u","A",False
22697123,"Ardeola ralloides","B","Secure","p",6399,10640,6300,10700,"+","x","A",False
22693336,"Arenaria interpres","B","Threatened","p",2961,4585,2900,4600,"-","-","C",False
22689531,"Asio flammeus","B","Secure","p",2226,22435,2200,22500,"F","-","A",False
22689507,"Asio otus","B","Unknown","p",114615,268276,114000,269000,"x","x","E",False
22689328,"Athene noctua","B","Unknown","p",217877,411543,217000,412000,"-","x","E",False
22680358,"Aythya ferina","B","Threatened","p",85383,126974,85300,127000,"-","-","C",False
22680391,"Aythya fuligula","B","Secure","p",181199,292025,181000,293000,"-","-","A",False
22680398,"Aythya marila","B","Threatened","p",1301,2406,1300,2500,"-","-","C",False
22680373,"Aythya nyroca","B","Unknown","p",13103,20609,13100,20700,"x","x","E",False
22708146,"Bombycilla garrulus","B","Secure","p",79000,306000,79000,306000,"0","+","A",False
22679494,"Bonasa bonasia","B","Secure","p",663079,911114,663000,912000,"0","-","A",False
22697346,"Botaurus stellaris","B","Secure","cmales",10967,18558,10900,18600,"+","0","A",False
22679943,"Branta leucopsis","B","Secure","p",18690,37980,18600,38000,"+","+","A",False
22688927,"Bubo bubo","B","Secure","p",12501,17888,12500,17900,"+","+","A",False
22689055,"Bubo scandiaca","B","Threatened","p",0,12,0,12,"F","-","B",False
22681124,"Dendrocopos major","B","Secure","p",4018450,7019604,4010000,7020000,"+","+","A",False
22681114,"Dendrocopos medius","B","Secure","p",212933,528148,212000,529000,"+","x","A",False
22681076,"Dendrocopos minor","B","Secure","p",165076,347631,165000,348000,"0","u","A",False
22681127,"Dendrocopos syriacus","B","Unknown","p",60505,125310,60500,126000,"x","x","E",False
22681382,"Dryocopus martius","B","Secure","p",241501,501189,241000,502000,"0","+","A",False
62774969,"Egretta garzetta","B","Secure","p",43608,51698,43600,51700,"-","+","A",False
22695028,"Elanus caeruleus","B","Secure","p",1115,2630,1100,2700,"+","+","A",False
22720966,"Emberiza aureola","B","Threatened","p",0,1,0,1,"-","-","C",False
22720920,"Emberiza caesia","B","Secure","p",15000,40000,15000,40000,"+","x","A",False
22720894,"Emberiza cia","B","Secure","p",1577270,2886250,1570000,2890000,"+","+","A",False
22720912,"Emberiza cineracea","B","Threatened","p",105,205,100,210,"0","0","C",False
22720888,"Emberiza cirlus","B","Secure","p",2338540,4228290,2330000,4230000,"0","+","A",False
22720878,"Emberiza citrinella","B","Declining","p",12769574.6666667,19853989,12700000,19900000,"-","-","C",False
22720916,"Emberiza hortulana","B","Declining","p",694608,1504048,694000,1510000,"-","x","C",False
22720990,"Emberiza melanocephala","B","Unknown","p",162000,481001,162000,482000,"x","x","E",False
22720954,"Emberiza pusilla","B","Depleted","p",13050,40430,13000,40500,"0","-","B",False
22720960,"Emberiza rustica","B","Threatened","p",181000,331000,181000,331000,"-","-","C",False
22721012,"Emberiza schoeniclus","B","Secure","p",1849098,3256572,1840000,3260000,"-","u","A",False
22717434,"Eremophila alpestris","B","NearThreatened","p",5250,7930,5200,8000,"-","0","C",False
22709675,"Erithacus rubecula","B","Secure","p",38355228.3333333,61178464,38300000,61200000,"+","+","A",False
22709936,"Erythropygia galactotes","B","Declining","p",203741,540842,203000,541000,"-","-","C",False
22693906,"Eudromias morinellus","B","Secure","males",3785,8371,3700,8400,"-","0","A",False
22696487,"Falco biarmicus","B","Threatened","p",185,250,180,250,"x","u","C",False
22695499,"Accipiter brevipes","B","Unknown","p",1740,3371,1700,3400,"x","x","E",False
22695683,"Accipiter gentilis","B","Secure","p",55775,81161,55700,81200,"-","-","A",False
22695624,"Accipiter nisus","B","Secure","p",213944,357116,213000,358000,"-","+","A",False
22714714,"Acrocephalus agricola","B","Unknown","p",3080,20200,3000,20200,"x","x","E",False
22714745,"Acrocephalus arundinaceus","B","Secure","p",1030358,1588113,1030000,1590000,"0","x","A",False
22714736,"Acrocephalus dumetorum","B","Secure","p",76551,179928,76500,180000,"+","+","A",False
22714693,"Acrocephalus melanopogon","B","Unknown","p",14999,30152,14900,30200,"x","x","E",False
22714696,"Acrocephalus paludicola","B","Threatened","cmales",3310,3351,3300,3400,"-","x","C",False
22714741,"Acrocephalus palustris","B","Secure","p",2208551,3425576,2200000,3430000,"0","0","A",False
22714700,"Acrocephalus schoenobaenus","B","Secure","p",1679573,2679728,1670000,2680000,"0","0","A",False
22714722,"Acrocephalus scirpaceus","B","Secure","p",1494895,2658850,1490000,2660000,"0","0","A",False
22693264,"Actitis hypoleucos","B","NearThreatened","p",223947,380168,223000,381000,"-","-","C",False
22712004,"Aegithalos caudatus","B","Secure","p",5838089,9383848,5830000,9390000,"+","+","A",False
22689362,"Aegolius funereus","B","Secure","p",32311,127915,32300,128000,"F","-","A",False
22695231,"Aegypius monachus","B","Secure","p",2125,2129,2100,2200,"+","+","A",False
22717415,"Alauda arvensis","B","Declining","p",24107050,36839008,24100000,36900000,"-","-","C",False
22694852,"Alca torda","B","Secure","i",279031,294657,279000,295000,"+","+","A",False
22683027,"Alcedo atthis","B","Threatened","p",68247,114545,68200,115000,"-","u","C",False
22678707,"Alectoris barbara","B","Unknown","p",7515,20025,7500,20100,"u","u","E",False
22678691,"Alectoris chukar","B","Secure","p",71500,143000,71500,143000,"0","x","A",False
22678684,"Alectoris graeca","B","Threatened","p",21280,39340,21200,39400,"-","-","C",False
22678711,"Alectoris rufa","B","Declining","p",5060500,7084000,5060000,7090000,"-","-","C",False
22680301,"Anas acuta","B","Threatened","p",8606,17343,8600,17400,"-","-","C",False
22680247,"Anas clypeata","B","Depleted","p",27129,42862,27100,42900,"0","-","B",False
22729717,"Anas crecca","B","Secure","p",226376,419145,226000,420000,"-","-","A",False
22680157,"Anas penelope","B","Threatened","p",79502,123865,79500,124000,"-","-","C",False
22680186,"Anas platyrhynchos","B","Secure","p",1700046,2912785,1700000,2920000,"0","0","A",False
22680313,"Anas querquedula","B","Threatened","p",12068,23904,12000,24000,"-","-","C",False
22680149,"Anas strepera","B","Secure","p",37363,69885,37300,69900,"+","+","A",False
22679889,"Anser anser","B","Secure","p",197320,343276,197000,344000,"+","+","A",False
22679886,"Anser erythropus","B","Threatened","p",15,30,15,30,"0","+","C",False
22679875,"Anser fabalis","B","Unknown","p",1650,3500,1600,3500,"x","x","E",False
22718508,"Anthus berthelotii","B","Unknown","p",30000,150000,30000,150000,"x","x","E",False
22718501,"Anthus campestris","B","Secure","p",538872,966789,538000,967000,"0","-","A",False
22718560,"Anthus cervinus","B","Unknown","p",1080,2600,1000,2600,"x","-","E",False
22718567,"Anthus petrosus","B","Unknown","p",62201,77009,62200,77100,"-","x","E",False
22718556,"Anthus pratensis","B","Threatened","p",4250142,7197223,4250000,7200000,"-","-","C",False
22718571,"Anthus spinoletta","B","Unknown","p",391581,704280,391000,705000,"x","x","E",False
22718546,"Anthus trivialis","B","Declining","p",6992732,11533178,6990000,11600000,"-","-","C",False
22686856,"Apus affinis","B","Threatened","p",1,1,1,1,"+","+","B",False
22686800,"Apus apus","B","Secure","p",16022404,23741513.6666667,16000000,23800000,"-","u","A",False
22686882,"Apus caffer","B","NearThreatened","p",110,200,110,200,"x","+","C",False
22686815,"Apus pallidus","B","Secure","p",54424,79924,54400,80000,"0","x","A",False
22686806,"Apus unicolor","B","Unknown","p",7500,20000,7500,20000,"x","u","E",False
22720330,"Carduelis chloris","B","Secure","p",18069230.6666667,26022832,18000000,26100000,"0","0","A",False
22720062,"Carduelis citrinella","B","Secure","p",243490,261360,243000,262000,"-","F","A",False
22729538,"Carduelis corsicana","B","Unknown","p",18000,20500,18000,20500,"x","x","E",False
22720438,"Carduelis flavirostris","B","Threatened","p",6214,15620,6200,15700,"-","-","C",False
22720354,"Carduelis spinus","B","Secure","p",3489535,5457073,3480000,5460000,"-","+","A",False
22720556,"Carpodacus erythrinus","B","Threatened","p",359665,782655,359000,783000,"-","-","C",False
22697043,"Casmerodius albus","B","Secure","p",5153,7736,5100,7800,"+","+","A",False
22694160,"Catharacta skua","B","Secure","p",9615,9615,9600,9700,"+","+","A",False
22694861,"Cepphus grylle","B","Threatened","i",73247,86867,73200,86900,"-","-","C",False
22711249,"Certhia brachydactyla","B","Secure","p",4545246,7414569,4540000,7420000,"+","+","A",False
22735060,"Certhia familiaris","B","Secure","p",2791997,5451468,2790000,5460000,"0","0","A",False
22714445,"Cettia cetti","B","Secure","p",1766188,2617523,1760000,2620000,"0","0","A",False
22727487,"Charadrius alexandrinus","B","Declining","p",10152,16684,10100,16700,"-","-","C",False
22693770,"Charadrius dubius","B","Secure","p",74533,108252,74500,109000,"0","0","A",False
22693759,"Charadrius hiaticula","B","Secure","p",24635,37400,24600,37400,"-","0","A",False
22717380,"Chersophilus duponti","B","Threatened","p",2200,2700,2200,2700,"-","-","C",False
22728245,"Chlamydotis undulata","B","NearThreatened","i",853,1207,850,1300,"0","+","C",False
22694764,"Chlidonias hybrida","B","Unknown","p",29539,41465,29500,41500,"x","+","E",False
22694782,"Chlidonias leucopterus","B","Secure","p",547,18207,540,18300,"+","+","A",False
22694787,"Chlidonias niger","B","Declining","p",11146,20502,11100,20600,"-","-","C",False
22697691,"Ciconia ciconia","B","Secure","p",154226,163716,154000,164000,"+","+","A",False
22697669,"Ciconia nigra","B","Secure","p",5957,7719,5900,7800,"+","+","A",False
22708156,"Cinclus cinclus","B","Secure","p",79197,159669,79100,160000,"0","0","A",False
22734216,"Circaetus gallicus","B","Secure","p",14771,16567,14700,16600,"0","+","A",False
22695344,"Circus aeruginosus","B","Secure","bfemales",37730,87846,37700,87900,"+","+","A",False
22727733,"Circus cyaneus","B","Secure","bfemales",9291,13207,9200,13300,"-","+","A",False
22695396,"Circus macrourus","B","Threatened","bfemales",1,12,1,12,"u","u","C",False
22695405,"Circus pygargus","B","Secure","bfemales",15590,21401,15500,21500,"-","u","A",False
22713491,"Cisticola juncidis","B","Secure","p",918773,2129794,918000,2130000,"0","u","A",False
22683819,"Clamator glandarius","B","Secure","p",82090,246430,82000,247000,"+","+","A",False
22680427,"Clangula hyemalis","W","Threatened","i",1228530,2272135,1220000,2280000,"-","-","C",False
22720681,"Coccothraustes coccothraustes","B","Secure","p",1693476,3260278,1690000,3270000,"0","x","A",False
22690117,"Columba bollii","B","Unknown","i",2500,10000,2500,10000,"x","+","E",False
22690122,"Columba junoniae","B","NearThreatened","i",1000,2500,1000,2500,"x","+","C",False
22690066,"Columba livia","B","Secure","p",5217869,11334712,5210000,11400000,"0","0","A",False
22690088,"Columba oenas","B","Secure","p",524458,959180,524000,960000,"+","+","A",False
22690103,"Columba palumbus","B","Secure","p",19033137,26365361,19000000,26400000,"+","+","A",False
22690112,"Columba trocaz","B","Secure","i",10000,14000,10000,14000,"0","+","A",False
22682860,"Coracias garrulus","B","Unknown","p",11913,22790,11900,22800,"u","x","E",False
22706068,"Corvus corax","B","Secure","p",259664,495610.333333333,259000,496000,"+","+","A",False
22706016,"Corvus corone","B","Secure","p",5856684,9631428.33333333,5850000,9640000,"+","+","A",False
22705983,"Corvus frugilegus","B","Secure","p",3747907,6620310,3740000,6630000,"-","u","A",False
22705929,"Corvus monedula","B","Secure","p",5282276,9326080,5280000,9330000,"0","0","A",False
22678944,"Coturnix coturnix","B","Unknown","cmales",1269844,2976213,1260000,2980000,"-","x","E",False
22692543,"Crex crex","B","Secure","cmales",171259,377733,171000,378000,"0","+","A",False
22683873,"Cuculus canorus","B","Secure","cmales",2300190,3831538,2300000,3840000,"0","u","A",False
22735845,"Cursorius cursor","B","NearThreatened","i",201,2315,200,2400,"x","u","C",False
22705827,"Cyanopica cyanus","B","Secure","p",2665000,4460000,2660000,4460000,"+","+","A",False
22679856,"Cygnus cygnus","B","Secure","p",13930,19115,13900,19200,"+","+","A",False
22679839,"Cygnus olor","B","Secure","p",67710,92835,67700,92900,"+","+","A",False
22712477,"Delichon urbicum","B","Depleted","p",8342240,17401555.6666667,8340000,17500000,"0","-","B",False
22727124,"Dendrocopos leucotos","B","Unknown","p",21990,71023,21900,71100,"-","x","E",False
22696495,"Falco cherrug","B","Threatened","p",274,349,270,350,"+","+","B",False
22696453,"Falco columbarius","B","Secure","p",8164,13546,8100,13600,"0","+","A",False
22696442,"Falco eleonorae","B","Unknown","p",14266,14387,14200,14400,"+","x","E",False
22696357,"Falco naumanni","B","Secure","p",25749,29283,25700,29300,"+","+","A",False
45354964,"Falco peregrinus","B","Secure","p",9657,11882,9600,11900,"+","+","A",False
22696500,"Falco rusticolus","B","Threatened","p",122,182,120,190,"0","0","C",False
22696460,"Falco subbuteo","B","Secure","p",41317,59835,41300,59900,"u","u","A",False
22696362,"Falco tinnunculus","B","Secure","p",314566,459584,314000,460000,"-","u","A",False
22696432,"Falco vespertinus","B","Threatened","p",1766,2810,1700,2900,"-","-","C",False
22709315,"Ficedula albicollis","B","Unknown","p",734601,1968513,734000,1970000,"x","x","E",False
22709308,"Ficedula hypoleuca","B","Depleted","p",2329146,4301469,2320000,4310000,"0","-","B",False
22735909,"Ficedula parva","B","Secure","p",259478,625148,259000,626000,"+","+","A",False
22709319,"Ficedula semitorquata","B","Unknown","p",3500,7500,3500,7500,"u","u","E",False
22678719,"Francolinus francolinus","B","Secure","p",3000,7000,3000,7000,"0","+","A",False
22694927,"Fratercula arctica","B","NearThreatened","p",601376,601399,601000,602000,"u","u","C",False
22720030,"Fringilla coelebs","B","Secure","p",81304947.3333333,125063293,81300000,126000000,"+","0","A",False
22720041,"Fringilla montifringilla","B","Threatened","p",2654001,5007010,2650000,5010000,"-","-","C",False
22720036,"Fringilla teydea","B","NearThreatened","p",1120,2632,1100,2700,"+","+","B",False
22692913,"Fulica atra","B","Declining","p",548573,869961,548000,870000,"-","-","C",False
22692907,"Fulica cristata","B","Threatened","p",25,85,25,90,"F","F","C",False
22697866,"Fulmarus glacialis","B","Threatened","p",532893,532927,532000,533000,"-","0","C",False
22717383,"Galerida cristata","B","Declining","p",15234974,19301250,15200000,19400000,"-","-","C",False
22717387,"Galerida theklae","B","Secure","p",1750270,2840430,1750000,2850000,"+","0","A",False
22693097,"Gallinago gallinago","B","Declining","p",378683,698624,378000,699000,"-","-","C",False
22693093,"Gallinago media","B","Threatened","cmales",2352,3667,2300,3700,"-","-","C",False
62120190,"Gallinula chloropus","B","Secure","p",743622,1119598,743000,1120000,"0","0","A",False
22705764,"Garrulus glandarius","B","Secure","p",4568771,8014754,4560000,8020000,"+","+","A",False
22697834,"Gavia arctica","B","Secure","p",17499,20371,17400,20400,"0","+","A",False
22697829,"Gavia stellata","B","Secure","p",3056,5006,3000,5100,"0","+","A",False
22694136,"Glareola nordmanni","B","Threatened","p",0,6,0,6,"-","-","C",False
22694127,"Glareola pratincola","B","Secure","p",4493,5777,4400,5800,"F","-","A",False
22689194,"Glaucidium passerinum","B","Secure","p",32172,71354,32100,71400,"F","+","A",False
22692146,"Grus grus","B","Secure","p",84649,139950,84600,140000,"+","+","A",False
22695174,"Gypaetus barbatus","B","Threatened","p",177,180,170,180,"+","+","B",False
22695219,"Gyps fulvus","B","Secure","p",31514,33171,31500,33200,"+","+","A",False
22733462,"Haematopus ostralegus","B","Threatened","p",226362,266665,226000,267000,"-","-","C",False
22695137,"Haliaeetus albicilla","B","Secure","p",3513,4241,3500,4300,"+","+","A",False
22696092,"Hieraaetus pennatus","B","Secure","p",21035,24332,21000,24400,"+","0","A",False
22727969,"Himantopus himantopus","B","Secure","p",37817,47362,37800,47400,"0","+","A",False
22714891,"Hippolais caligata","B","Unknown","p",55,350,50,350,"x","x","E",False
22714916,"Hippolais icterina","B","Unknown","p",1034016,1516275,1030000,1520000,"0","u","E",False
22714908,"Hippolais olivetorum","B","Secure","p",4000,9000,4000,9000,"+","x","A",False
22730647,"Hippolais pallida","B","Unknown","p",96805,185515,96800,186000,"0","x","E",False
22714912,"Hippolais polyglotta","B","Secure","p",2323930,3726150,2320000,3730000,"+","0","A",False
22735920,"Hirundo daurica","B","Secure","p",1396668,3189745,1390000,3190000,"0","+","A",False
22712216,"Hirundo rupestris","B","Secure","p",112438,175578,112000,176000,"0","u","A",False
22712252,"Hirundo rustica","B","Declining","p",22490489,33475468.6666667,22400000,33500000,"-","-","C",False
22698477,"Hydrobates pelagicus","B","Unknown","p",137071,153948,137000,154000,"x","x","E",False
22735766,"Ixobrychus minutus","B","Unknown","p",23918,36872,23900,36900,"u","0","E",False
22680683,"Jynx torquilla","B","Depleted","p",286972,727471,286000,728000,"+","-","B",False
22679460,"Lagopus lagopus","B","Threatened","p",360738,704168,360000,705000,"-","-","C",False
22679464,"Lagopus muta","B","Threatened","p",48892,122488,48800,123000,"-","u","C",False
22705001,"Lanius collurio","B","Secure","p",3498651,6788258,3490000,6790000,"-","x","A",False
22730627,"Lanius excubitor","B","Threatened","p",426041,794691,426000,795000,"-","-","C",False
22705038,"Lanius minor","B","Unknown","p",87721,165141,87700,166000,"x","x","E",False
22705099,"Lanius nubicus","B","Unknown","p",6000,14200,6000,14200,"0","x","E",False
22705095,"Lanius senator","B","Declining","p",1878126,2958456,1870000,2960000,"-","-","C",False
62030608,"Larus argentatus","B","Threatened","p",414406,492951,414000,493000,"-","-","C",False
22694313,"Larus audouinii","B","Secure","p",21460,21817,21400,21900,"F","+","A",False
22735929,"Larus cachinnans","B","Secure","p",3551,5967,3500,6000,"+","+","A",False
22694308,"Larus canus","B","Secure","p",262451,352322,262000,353000,"0","+","A",False
22694373,"Larus fuscus","B","Secure","p",288492,340496,288000,341000,"0","+","A",False
22694428,"Larus genei","B","Secure","p",5004,7035,5000,7100,"+","+","A",False
22694324,"Larus marinus","B","Secure","p",40550,46976,40500,47000,"-","+","A",False
22694443,"Larus melanocephalus","B","Secure","p",13217,19532,13200,19600,"+","+","A",False
62030970,"Larus michahellis","B","Secure","p",327404,391247,327000,392000,"+","+","A",False
22694469,"Larus minutus","B","Secure","p",12809,18318,12800,18400,"-","+","A",False
22694420,"Larus ridibundus","B","Depleted","p",882500,1149567,882000,1150000,"0","-","B",False
22693464,"Limicola falcinellus","B","Unknown","p",29300,42600,29300,42600,"x","-","E",False
22693158,"Limosa lapponica","B","Secure","p",2100,3300,2100,3300,"x","0","A",False
22693150,"Limosa limosa","B","Threatened","p",43406,70313,43400,70400,"-","-","C",False
22714679,"Locustella fluviatilis","B","Threatened","p",178071,356111,178000,357000,"-","u","C",False
22714684,"Locustella luscinioides","B","Unknown","p",154871,260952,154000,261000,"x","x","E",False
22714657,"Locustella naevia","B","Secure","p",392549,769922,392000,770000,"0","u","A",False
22720646,"Loxia curvirostra","B","Secure","p",922001,2611369,922000,2620000,"F","u","A",False
22728944,"Loxia leucoptera","B","Secure","p",2200,56000,2200,56000,"0","+","A",False
22720638,"Loxia pytyopsittacus","B","Secure","p",54070,212090,54000,213000,"F","F","A",False
22720641,"Loxia scotica","B","Unknown","p",4100,11400,4100,11400,"x","x","E",False
22717411,"Lullula arborea","B","Secure","p",1566166,3189211,1560000,3190000,"+","u","A",False
22709691,"Luscinia luscinia","B","Secure","p",681174,1153845,681000,1160000,"0","u","A",False
22709696,"Luscinia megarhynchos","B","Secure","p",8855434,16142784,8850000,16200000,"+","u","A",False
22709707,"Luscinia svecica","B","Depleted","p",219807,460922,219000,461000,"0","-","B",False
22693133,"Lymnocryptes minimus","B","Unknown","p",9530,23066,9500,23100,"x","x","E",False
22680339,"Marmaronetta angustirostris","B","Threatened","p",25,115,25,120,"-","-","C",False
22724836,"Melanitta fusca","B","Threatened","p",11750,24100,11700,24100,"-","-","C",False
22724879,"Melanitta nigra","B","Secure","p",6091,9891,6000,9900,"0","+","A",False
22717285,"Melanocorypha calandra","B","Threatened","p",4201630,6766960,4200000,6770000,"-","-","C",False
22680465,"Mergellus albellus","B","Secure","p",3110,7515,3100,7600,"0","+","A",False
22680492,"Mergus merganser","B","Secure","p",56063,84963,56000,85000,"-","-","A",False
22680485,"Mergus serrator","B","Threatened","p",48622,68619,48600,68700,"-","-","C",False
22683756,"Merops apiaster","B","Secure","p",2473798,4435848,2470000,4440000,"0","0","A",False
22721020,"Miliaria calandra","B","Secure","p",14568201,20250969,14500000,20300000,"0","0","A",False
22734972,"Milvus migrans","B","Secure","p",47459,52858,47400,52900,"+","+","A",False
22695072,"Milvus milvus","B","NearThreatened","p",24009,31866,24000,31900,"0","-","B",False
22708257,"Monticola saxatilis","B","Unknown","p",20114,33360,20100,33400,"x","x","E",False
22708286,"Monticola solitarius","B","Unknown","p",35238,73368,35200,73400,"x","x","E",False
22718322,"Montifringilla nivalis","B","Unknown","p",16940,29870,16900,29900,"x","x","E",False
22696657,"Morus bassanus","B","Secure","p",641000,641196,641000,642000,"+","+","A",False
22718348,"Motacilla alba","B","Secure","p",6908403.66666667,11071773,6900000,11100000,"0","0","A",False
22718392,"Motacilla cinerea","B","Unknown","p",520438,1336089,520000,1340000,"u","x","E",False
22718379,"Motacilla citreola","B","Secure","p",245,502,240,510,"+","+","A",False
22718385,"Motacilla flava","B","Secure","p",4827385,8374399,4820000,8380000,"-","-","A",False
22709192,"Muscicapa striata","B","Secure","p",4656042,8178295,4650000,8180000,"-","-","A",False
22695180,"Neophron percnopterus","B","Threatened","p",1493,1667,1400,1700,"0","-","B",False
22680348,"Netta rufina","B","Secure","p",10531,14074,10500,14100,"+","+","A",False
22705912,"Nucifraga caryocatactes","B","Unknown","p",124283,271972,124000,272000,"u","x","E",False
22693190,"Numenius arquata","B","Threatened","p",163981,185566,163000,186000,"-","-","C",False
22693178,"Numenius phaeopus","B","Secure","p",39153,70080,39100,70100,"+","+","A",False
22697211,"Nycticorax nycticorax","B","Secure","p",26317,33851,26300,33900,"-","-","A",False
22735803,"Oceanodroma castro","B","Unknown","p",6567,6850,6500,6900,"x","x","E",False
22698511,"Oceanodroma leucorhoa","B","Threatened","p",36310,65310,36300,65400,"-","x","C",False
22735624,"Oceanodroma monteiroi","B","Threatened","p",250,300,250,300,"+","+","B",False
22710312,"Oenanthe cypriaca","B","Secure","p",40000,100000,40000,100000,"0","x","A",False
22710302,"Oenanthe hispanica","B","Declining","p",430305,1181530,430000,1190000,"-","-","C",False
22710333,"Oenanthe isabellina","B","Secure","p",7050,25200,7000,25200,"+","+","A",False
22710259,"Oenanthe leucura","B","Threatened","p",6530,6930,6500,7000,"-","-","C",False
22710272,"Oenanthe oenanthe","B","Unknown","p",1957883,3821683.33333333,1950000,3830000,"-","u","E",False
22710308,"Oenanthe pleschanka","B","Unknown","p",600,1200,600,1200,"x","x","E",False
22706382,"Oriolus oriolus","B","Secure","p",2005117,3527162,2000000,3530000,"+","0","A",False
22691900,"Otis tarda","B","Secure","males",15146,18040,15100,18100,"+","+","A",False
22688643,"Otus scops","B","Unknown","p",64875,125724,64800,126000,"u","u","E",False
22679814,"Oxyura leucocephala","B","Threatened","p",120,318,120,320,"0","+","C",False
22694938,"Pandion haliaetus","B","Secure","p",5799,7495,5700,7500,"+","+","A",False
22716776,"Panurus biarmicus","B","Unknown","p",104435,154583,104000,155000,"x","x","E",False
22735965,"Parus ater","B","Secure","p",11699925,20162704,11600000,20200000,"+","u","A",False
22711944,"Parus caeruleus","B","Secure","p",25348487,43173394,25300000,43200000,"+","+","A",False
22711750,"Parus cinctus","B","Threatened","p",70000,144000,70000,144000,"-","-","C",False
22711810,"Parus cristatus","B","Secure","p",3397045,6476347,3390000,6480000,"-","0","A",False
22711698,"Parus lugubris","B","Unknown","p",23000,65010,23000,65100,"x","x","E",False
22735990,"Parus major","B","Secure","p",41710161.6666667,69096519,41700000,69100000,"+","+","A",False
22711703,"Parus montanus","B","Threatened","p",2344418,4330195,2340000,4340000,"-","-","C",False
22735995,"Parus palustris","B","Secure","p",2156564,4081968,2150000,4090000,"+","u","A",False
22718174,"Passer domesticus","B","Depleted","p",108920793.666667,148354252,108000000,149000000,"0","-","B",False
22718179,"Passer hispaniolensis","B","Unknown","p",4402910,9365180,4400000,9370000,"-","u","E",False
22718270,"Passer montanus","B","Declining","p",9887605,17449368,9880000,17500000,"-","-","C",False
22698453,"Pelagodroma marina","B","Threatened","p",77820,110625,77800,111000,"-","0","C",False
22697599,"Pelecanus crispus","B","Secure","p",1638,1955,1600,2000,"+","+","A",False
22697590,"Pelecanus onocrotalus","B","Secure","p",4402,4825,4400,4900,"+","+","A",False
22678911,"Perdix perdix","B","Declining","p",1030007,2031736,1030000,2040000,"-","-","C",False
22705775,"Perisoreus infaustus","B","Secure","p",77000,151000,77000,151000,"0","-","A",False
22694989,"Pernis apivorus","B","Secure","p",44026,71078,44000,71100,"0","u","A",False
22718307,"Petronia petronia","B","Secure","p",1328536,2165826,1320000,2170000,"-","0","A",False
22696894,"Phalacrocorax aristotelis","B","NearThreatened","p",45953,47073,45900,47100,"-","-","C",False
22696792,"Phalacrocorax carbo","B","Secure","p",223756,258218,223000,259000,"+","+","A",False
22696734,"Phalacrocorax pygmeus","B","Secure","p",14642,17232,14600,17300,"+","+","A",False
22693490,"Phalaropus lobatus","B","Unknown","males",20020,34024,20000,34100,"u","-","E",False
945100023,"Phasianus colchicus","B","Secure","p",3936497.66666667,5037052,3930000,5040000,"+","+","A",False
22693468,"Philomachus pugnax","B","Threatened","cmales",22261,48964.1818181818,22200,49000,"-","-","C",False
22697360,"Phoenicopterus roseus","B","Secure","p",31928,36948,31900,37000,"+","+","A",False
22710051,"Phoenicurus ochruros","B","Secure","p",4599342,7461884,4590000,7470000,"+","+","A",False
22710055,"Phoenicurus phoenicurus","B","Secure","p",2251791,4200500,2250000,4210000,"+","+","A",False
22730987,"Phylloscopus bonelli","B","Secure","p",2096400,2921800,2090000,2930000,"+","0","A",False
22715316,"Phylloscopus borealis","B","Threatened","p",560,2130,560,2200,"-","0","C",False
22729528,"Phylloscopus canariensis","B","Secure","p",20000,100000,20000,100000,"+","+","A",False
22715244,"Phylloscopus collybita","B","Secure","p",19188085,32032834,19100000,32100000,"0","u","A",False
22729520,"Phylloscopus ibericus","B","Secure","p",463000,767000,463000,767000,"+","+","A",False
22715260,"Phylloscopus sibilatrix","B","Depleted","p",3888867,6175260,3880000,6180000,"0","-","B",False
22715319,"Phylloscopus trochiloides","B","Secure","p",16583,86018,16500,86100,"+","+","A",False
22715240,"Phylloscopus trochilus","B","Declining","p",24870563,43736307,24800000,43800000,"-","-","C",False
22705865,"Pica pica","B","Secure","p",7050349,11156240.3333333,7050000,11200000,"0","0","A",False
22727137,"Picoides tridactylus","B","Secure","p",41150,235133,41100,236000,"u","+","A",False
22726503,"Picus canus","B","Unknown","p",83587,211975,83500,212000,"u","u","E",False
22725015,"Picus sharpei","B","NearThreatened","p",246000,470500,246000,471000,"-","-","C",False
22725022,"Picus viridis","B","Secure","p",514804,899374,514000,900000,"+","+","A",False
22720625,"Pinicola enucleator","B","Secure","p",16800,33000,16800,33000,"0","-","A",False
22697555,"Platalea leucorodia","B","Secure","p",6713,8809,6700,8900,"+","+","A",False
22721043,"Plectrophenax nivalis","B","Depleted","p",14000,43100,14000,43100,"0","-","B",False
22697422,"Plegadis falcinellus","B","Secure","p",6300,7370,6300,7400,"+","+","A",False
22693727,"Pluvialis apricaria","B","Secure","p",244839,354079,244000,355000,"+","+","A",False
22696606,"Podiceps auritus","B","Threatened","p",3490,6170,3400,6200,"-","-","C",False
22696602,"Podiceps cristatus","B","Secure","p",186350,286026,186000,287000,"-","u","A",False
22696599,"Podiceps grisegena","B","Secure","p",12420,18415,12400,18500,"+","+","A",False
22696610,"Podiceps nigricollis","B","Secure","p",9872,17692,9800,17700,"u","u","A",False
22692792,"Porphyrio porphyrio","B","Secure","p",3433,3823,3400,3900,"+","+","A",False
22692663,"Porzana parva","B","Unknown","cmales",6330,15226,6300,15300,"x","x","E",False
22692676,"Porzana porzana","B","Secure","cmales",9946,26609,9900,26700,"0","u","A",False
22692667,"Porzana pusilla","B","NearThreatened","cmales",131,282,130,290,"x","x","C",False
22718617,"Prunella collaris","B","Unknown","p",40318,80443,40300,80500,"u","x","E",False
22718651,"Prunella modularis","B","Secure","p",9539947,16375401,9530000,16400000,"0","-","A",False
22692983,"Pterocles alchata","B","Depleted","p",4096,5713,4000,5800,"+","-","B",False
22693002,"Pterocles orientalis","B","Threatened","p",6388,10381,6300,10400,"-","-","C",False
22736135,"Pterodroma feae","B","Threatened","p",160,180,160,180,"0","x","C",False
22698062,"Pterodroma madeira","B","Threatened","p",65,80,60,80,"+","+","B",False
45959182,"Puffinus assimilis","B","NearThreatened","p",2937,3783,2900,3800,"-","u","C",False
22728432,"Puffinus mauretanicus","B","Threatened","p",3193,3193,3100,3200,"-","x","C",False
22698226,"Puffinus puffinus","B","Unknown","p",314370,359201,314000,360000,"x","x","E",False
22698230,"Puffinus yelkouan","B","Secure","p",19079,29807,19000,29900,"+","+","A",False
22705921,"Pyrrhocorax graculus","B","Unknown","p",32750,67900,32700,67900,"x","x","E",False
22705916,"Pyrrhocorax pyrrhocorax","B","Unknown","p",21552,25732,21500,25800,"0","u","E",False
22720676,"Pyrrhula murina","B","Threatened","p",227,761,220,770,"0","x","C",False
22720671,"Pyrrhula pyrrhula","B","Secure","p",2000931.33333333,3782252,2000000,3790000,"-","u","A",False
22725141,"Rallus aquaticus","B","Unknown","p",76873,190737,76800,191000,"x","x","E",False
22693712,"Recurvirostra avosetta","B","Secure","p",51657,59300,51600,59300,"0","+","A",False
22735002,"Regulus ignicapillus","B","Secure","p",3802680,6551329,3800000,6560000,"0","0","A",False
22734358,"Regulus madeirensis","B","Secure","p",50000,100000,50000,100000,"+","+","A",False
22734997,"Regulus regulus","B","NearThreatened","p",8174487,16753529,8170000,16800000,"-","-","C",False
22736148,"Remiz pendulinus","B","Unknown","p",121979,210099,121000,211000,"x","x","E",False
22712176,"Riparia riparia","B","Depleted","p",1263000,2802323.33333333,1260000,2810000,"0","-","B",False
22694497,"Rissa tridactyla","B","Threatened","p",421106,421696,421000,422000,"-","-","C",False
22710177,"Saxicola dacotiae","B","NearThreatened","i",13376,15492,13300,15500,"x","+","C",False
22710156,"Saxicola rubetra","B","Declining","p",2754576,4669620,2750000,4670000,"-","-","C",False
22710184,"Saxicola torquatus","B","Secure","p",5333838,8381861.33333333,5330000,8390000,"-","0","A",False
22693052,"Scolopax rusticola","B","Secure","cmales",728057,1471715,728000,1480000,"-","+","A",False
22720056,"Serinus canaria","B","Unknown","p",1499299,2524241,1490000,2530000,"x","x","E",False
22720049,"Serinus serinus","B","Secure","p",19982381,28516141,19900000,28600000,"-","-","A",False
22711150,"Sitta europaea","B","Secure","p",6007694,11322481,6000000,11400000,"+","u","A",False
22711184,"Sitta krueperi","B","NearThreatened","p",550,680,550,680,"0","0","C",False
22711205,"Sitta neumayer","B","Unknown","p",10200,30500,10200,30500,"x","x","E",False
22711176,"Sitta whiteheadi","B","Threatened","p",1500,2200,1500,2200,"-","x","C",False
22680405,"Somateria mollissima","B","Threatened","p",224464,320168,224000,321000,"-","-","C",False
22694251,"Stercorarius longicaudus","B","Secure","p",8700,22000,8700,22000,"0","0","A",False
22694245,"Stercorarius parasiticus","B","Threatened","p",3000,3300,3000,3300,"-","-","C",False
22694656,"Sterna albifrons","B","Secure","p",14480,19602,14400,19700,"F","-","A",False
22694524,"Sterna caspia","B","NearThreatened","p",1650,2051,1600,2100,"+","-","B",False
22694601,"Sterna dougallii","B","Secure","p",2268,2882,2200,2900,"+","+","A",False
22694623,"Sterna hirundo","B","Secure","p",132251,212850,132000,213000,"+","+","A",False
62026481,"Sterna nilotica","B","Secure","p",8039,9174,8000,9200,"+","+","A",False
22694629,"Sterna paradisaea","B","Secure","p",159753,210874,159000,211000,"0","-","A",False
22694591,"Sterna sandvicensis","B","Secure","p",53861,63631,53800,63700,"+","+","A",False
22727811,"Streptopelia decaocto","B","Secure","p",5948532,9776387,5940000,9780000,"+","+","A",False
22690419,"Streptopelia turtur","B","NearThreatened","p",2337359,4053956,2330000,4060000,"-","-","C",False
22725469,"Strix aluco","B","Unknown","p",371252,630032,371000,631000,"u","u","E",False
22689118,"Strix nebulosa","B","Secure","p",302,2715,300,2800,"-","F","A",False
22689108,"Strix uralensis","B","Secure","p",16995,28384,16900,28400,"u","+","A",False
22710881,"Sturnus roseus","B","Unknown","p",260,32300,260,32300,"x","x","E",False
22710893,"Sturnus unicolor","B","Secure","p",23882050,30648100,23800000,30700000,"+","+","A",False
22710886,"Sturnus vulgaris","B","Secure","p",18283308,33519599.3333333,18200000,33600000,"-","u","A",False
22689189,"Surnia ulula","B","Secure","p",1400,18900,1400,18900,"+","x","A",False
22716901,"Sylvia atricapilla","B","Secure","p",26840067,46318743,26800000,46400000,"+","+","A",False
22716906,"Sylvia borin","B","Secure","p",5339133,8792206,5330000,8800000,"-","-","A",False
22716967,"Sylvia cantillans","B","Secure","p",2864100,4265300,2860000,4270000,"+","+","A",False
22716910,"Sylvia communis","B","Secure","p",8704722,14203760,8700000,14300000,"0","u","A",False
22716976,"Sylvia conspicillata","B","Unknown","p",165491,449323,165000,450000,"u","u","E",False
22716915,"Sylvia curruca","B","Secure","p",2346653,4283608,2340000,4290000,"0","x","A",False
22716942,"Sylvia hortensis","B","Secure","p",124700,251000,124000,251000,"+","0","A",False
22716959,"Sylvia melanocephala","B","Secure","p",6733737,13438748,6730000,13500000,"0","u","A",False
22716963,"Sylvia melanothorax","B","Declining","p",70000,140000,70000,140000,"-","-","C",False
22716937,"Sylvia nisoria","B","Unknown","p",296380,586060,296000,587000,"x","x","E",False
22716954,"Sylvia rueppelli","B","Unknown","p",3000,10000,3000,10000,"x","x","E",False
22716987,"Sylvia sarda","B","Unknown","p",39000,55000,39000,55000,"x","x","E",False
22716984,"Sylvia undata","B","NearThreatened","p",646400,1484600,646000,1490000,"-","u","C",False
22696545,"Tachybaptus ruficollis","B","Secure","p",94253,142998,94200,143000,"u","x","A",False
22686774,"Tachymarptis melba","B","Unknown","p",193232,432536,193000,433000,"x","x","E",False
22680003,"Tadorna ferruginea","B","NearThreatened","p",142,239,140,240,"+","F","B",False
22680024,"Tadorna tadorna","B","Secure","p",40834,53916,40800,54000,"+","0","A",False
22709733,"Tarsiger cyanurus","B","Secure","p",152,6520,150,6600,"+","+","A",False
22679480,"Tetrao tetrix","B","Depleted","cmales",797503,1028675,797000,1030000,"+","-","B",False
22679487,"Tetrao urogallus","B","Depleted","cmales",554325,818070,554000,819000,"+","-","B",False
22691896,"Tetrax tetrax","B","Threatened","males",56764,111008,56700,112000,"-","-","C",False
22711234,"Tichodroma muraria","B","Unknown","p",12855,21768,12800,21800,"x","0","E",False
22693207,"Tringa erythropus","B","NearThreatened","p",15000,38000,15000,38000,"-","0","C",False
22693247,"Tringa glareola","B","Depleted","p",440601,732198,440000,733000,"0","-","B",False
22693220,"Tringa nebularia","B","Secure","p",66109,111027,66100,112000,"0","+","A",False
22693243,"Tringa ochropus","B","Secure","p",248652,421456,248000,422000,"+","+","A",False
22693216,"Tringa stagnatilis","B","Threatened","p",20,68,20,70,"+","+","B",False
22693211,"Tringa totanus","B","Threatened","p",93704,129680,93700,130000,"-","-","C",False
22711483,"Troglodytes troglodytes","B","Secure","p",27788668,48046291,27700000,48100000,"-","+","A",False
22708819,"Turdus iliacus","B","Threatened","p",1980553,3273617,1980000,3280000,"-","-","C",False
22708775,"Turdus merula","B","Secure","p",47360512.6666667,70140223,47300000,70200000,"+","+","A",False
22708822,"Turdus philomelos","B","Secure","p",12720381,21819688,12700000,21900000,"+","+","A",False
22708816,"Turdus pilaris","B","Threatened","p",3055952,4696166,3050000,4700000,"-","u","C",False
22708768,"Turdus torquatus","B","Unknown","p",214810,344362,214000,345000,"u","x","E",False
22708829,"Turdus viscivorus","B","Secure","p",2372086.33333333,4585252,2370000,4590000,"+","u","A",False
22680500,"Turnix sylvaticus","B","Threatened","p",0,0,0,0,"u","-","C",False
22688504,"Tyto alba","B","Secure","p",103005,215535,103000,216000,"F","-","A",False
22682655,"Upupa epops","B","Secure","p",1017835,2069062,1010000,2070000,"0","u","A",False
22694841,"Uria aalge","B","Secure","i",1593105,1599921,1590000,1600000,"+","+","A",False
22693983,"Vanellus spinosus","B","Threatened","p",70,120,70,120,"+","+","B",False
22693949,"Vanellus vanellus","B","Threatened","p",906497,1405895,906000,1410000,"-","-","C",False
22693251,"Xenus cinereus","B","Threatened","p",3,6,3,6,"-","-","C",False
22679881,"Anser albifrons","W","Secure","i",1435446,2276433,1430000,2280000,"+","+","A",False
22679872,"Anser brachyrhynchus","W","Secure","i",418378,426784,418000,427000,"+","+","A",False
22679946,"Branta bernicla","W","Secure","i",307143,329186,307000,330000,"F","+","A",False
22679954,"Branta ruficollis","W","NearThreatened","i",9852,74852,9800,74900,"-","-","C",False
22693369,"Calidris alba","W","Secure","i",68188,75168,68100,75200,"+","+","A",False
22693363,"Calidris canutus","W","Secure","i",504907,564921,504000,565000,"+","+","A",False
22693431,"Calidris ferruginea","W","Threatened","i",1028,1781,1000,1800,"+","F","B",False
22693862,"Charadrius leschenaultii","W","Threatened","i",25,60,25,60,"+","+","B",False
22679862,"Cygnus columbianus","W","Threatened","i",19503,24495,19500,24500,"-","u","C",False
22697842,"Gavia immer","W","Threatened","i",4047,4262,4000,4300,"-","+","C",False
22693185,"Numenius tenuirostris","W","Threatened","i",1,2,1,2,"u","-","C",False
22693749,"Pluvialis squatarola","W","Secure","i",121110,148945,121000,149000,"0","+","A",False
22680415,"Polysticta stelleri","W","Threatened","i",823,2208,820,2300,"-","-","C",False
111111,"Puffinus puffinus mauretanicus (Puffinus mauretanicus)","B","Threatened","p",3193,3193,3100,3200,"-","x","",True
111112,"Cygnus columbianus bewickii","W","Threatened","i",19503,24495,19500,24500,"-","u","",True
111113,"Pyrrhula murina (Pyrrhula pyrrhula murina)","B","Threatened","p",227,761,220,770,"0","x","",True
111114,"Phalacrocorax aristotelis desmarestii","B","Secure","p",6093,7157,6000,7200,"+","x","",True
111115,"Anser albifrons albifrons","W","Secure","i",1410273,2251260,1410000,2260000,"+","+","",True
111116,"Anser albifrons flavirostris","W","Threatened","i",25173,25173,25100,25200,"-","+","",True
111117,"Accipiter gentilis arrigonii","B","Threatened","p",110,165,110,170,"x","x","",True
111118,"Accipiter nisus granti","B","NearThreatened","p",350,1500,350,1500,"+","+","",True
111119,"Lagopus lagopus scoticus","B","Secure","p",230000,230000,230000,230000,"+","0","",True
111120,"Lagopus lagopus hibernicus","B","Threatened","p",1708,2116,1700,2200,"-","-","",True
111121,"Lagopus lagopus lagopus","B","Threatened","p",129000,472000,129000,472000,"-","-","",True
111122,"Lagopus mutus pyrenaicus","B","NearThreatened","p",1442,5738,1400,5800,"x","-","",True
111123,"Lagopus mutus helveticus","B","Secure","p",23450,34750,23400,34800,"-","-","",True
111124,"Tetrao tetrix tetrix","B","Depleted","cmales",792403,1023575,792000,1030000,"+","-","",True
111125,"Tetrao tetrix britannicus","B","Threatened","cmales",5100,5100,5100,5100,"-","-","",True
111126,"Perdix perdix italica","B","Extinct","p",0,0,0,0,"x","-","",True
111127,"Perdix perdix hispaniensis","B","NearThreatened","p",5260,9260,5200,9300,"-","-","",True
111129,"Calidris alpina schinzii (Britain & Ireland)","B","Secure","p",8750,10750,8700,10800,"+","0","",True
111130,"Calidris alpina schinzii (Baltic)","B","Threatened","p",462,573,460,580,"-","-","",True
111131,"Uria aalge ibericus","B","Threatened","i",5,5,5,5,"-","-","",True
111132,"Columba palumbus azorica","B","Threatened","p",2,5,2,5,"x","x","",True
111133,"Dendrocopos major canariensis","B","Threatened","p",200,200,200,200,"+","+","",True
111134,"Dendrocopos major thanneri","B","NearThreatened","p",1000,1000,1000,1000,"x","+","",True
111135,"Troglodytes troglodytes fridariensis","B","Threatened","p",29,29,29,29,"-","+","",True
111136,"Parus ater cypriotes","B","Secure","p",30000,60000,30000,60000,"0","x","",True
111137,"Certhia brachydactyla dorotheae","B","Secure","p",3500,6750,3500,6800,"0","x","",True
111138,"Fringilla coelebs ombriosa","B","NearThreatened","p",1000,5000,1000,5000,"x","x","",True
22705002,"Hippolais opaca","B","Secure","p",5209,5209,5200,5200,"-","-","A",True
