"speciesname","sub_unit","speciescode","euringcode","codeeco","typeasso","season","region"
"Sylvia rueppelli","","A440",12690,"heathlandShrub","P","B","EU27"
"Sylvia rueppelli","","A440",12690,"sparselyVegetated","P","B","EU27"
"Sitta krueperi","","A444",14690,"woodlandForest","P","B","EU27"
"Emberiza cineracea","","A446",18650,"sparselyVegetated","P","B","EU27"
"Accipiter brevipes","","A402",2730,"cropland","P","B","EU27"
"Accipiter gentilis arrigonii","","A400",2670,"woodlandForest","P","B","EU27"
"Accipiter gentilis gentilis","","A619",2670,"woodlandForest","P","B","EU27"
"Accipiter nisus granti","","A401",2690,"woodlandForest","P","B","EU27"
"Accipiter nisus nisus","","A633",2690,"urban","P","B","EU27"
"Acridotheres cristatellus","","A765-X",15890,"urban","P","B","EU27"
"Acrocephalus agricola","","A680",12470,"wetlands","P","B","EU27"
"Acrocephalus arundinaceus","","A298",12530,"riversLakes","P","B","EU27"
"Acrocephalus dumetorum","","A679",12480,"wetlands","P","B","EU27"
"Acrocephalus melanopogon","","A293",12410,"riversLakes","P","W","EU27"
"Acrocephalus melanopogon","","A293",12410,"riversLakes","P","B","EU27"
"Acrocephalus paludicola","","A294",12420,"grassland","P","B","EU27"
"Acrocephalus palustris","","A296",12500,"riversLakes","P","B","EU27"
"Acrocephalus schoenobaenus","","A295",12430,"riversLakes","P","B","EU27"
"Acrocephalus scirpaceus","","A297",12510,"riversLakes","P","B","EU27"
"Actitis hypoleucos","","A168",5560,"riversLakes","P","B","EU27"
"Actitis hypoleucos","","A168",5560,"riversLakes","P","W","EU27"
"Aegithalos caudatus","","A324",14370,"cropland","P","B","EU27"
"Aegolius funereus","","A223",7700,"woodlandForest","P","B","EU27"
"Aegypius monachus","","A079",2550,"sparselyVegetated","P","B","EU27"
"Aix galericulata","","A553-X",1780,"riversLakes","P","B","EU27"
"Aix sponsa","","A749-X",1770,"riversLakes","P","B","EU27"
"Alauda arvensis","","A247",9760,"cropland","P","B","EU27"
"Alauda arvensis","","A247",9760,"cropland","P","W","EU27"
"Alca torda","","A200",6360,"sparselyVegetated","P","B","EU27"
"Alca torda","","A200",6360,"ocean","P","W","EU27"
"Alcedo atthis","","A229",8310,"riversLakes","P","B","EU27"
"Alectoris barbara","","A111",3590,"heathlandShrub","P","B","EU27"
"Alectoris chukar","","A411",3550,"heathlandShrub","P","B","EU27"
"Alectoris chukar","","A411-X",3550,"heathlandShrub","P","B","EU27"
"Alectoris graeca graeca","","A465",3570,"heathlandShrub","P","B","EU27"
"Alectoris graeca saxatilis","","A412",3570,"heathlandShrub","P","B","EU27"
"Alectoris graeca whitakeri","","A413",3570,"heathlandShrub","P","B","EU27"
"Alectoris rufa","","A110",3580,"grassland","P","B","EU27"
"Alopochen aegyptiaca","","A748-X",1700,"riversLakes","P","B","EU27"
"Amandava amandava","","A764-X",20250,"wetlands","P","B","EU27"
"Anas acuta","","A054",1890,"riversLakes","P","B","EU27"
"Anas acuta","","A054",1890,"marineInlets","P","W","EU27"
"Anas clypeata","","A056",1940,"riversLakes","P","B","EU27"
"Anas clypeata","","A056",1940,"marineInlets","P","W","EU27"
"Anas crecca crecca","","A704",1840,"riversLakes","P","B","EU27"
"Anas crecca crecca","","A704",1840,"marineInlets","P","W","EU27"
"Anas penelope","","A050",1790,"riversLakes","P","B","EU27"
"Anas penelope","","A050",1790,"marineInlets","P","W","EU27"
"Anas platyrhynchos platyrhynchos","","A705",1860,"riversLakes","P","B","EU27"
"Anas platyrhynchos platyrhynchos","","A705",1860,"marineInlets","P","W","EU27"
"Anas querquedula","Western Siberia & Europe/West Africa","A055",1910,"riversLakes","P","B","EU27"
"Anas strepera strepera","","A703",1820,"riversLakes","P","B","EU27"
"Anas strepera strepera","","A703",1820,"marineInlets","P","W","EU27"
"Anser albifrons albifrons","","A394",1591,"cropland","P","W","EU27"
"Anser albifrons flavirostris","Greenland/Ireland & UK","A395",1592,"cropland","P","W","EU27"
"Anser anser","","A043",1610,"riversLakes","P","B","EU27"
"Anser anser","","A043",1610,"cropland","P","W","EU27"
"Anser anser","","A043-X",1610,"riversLakes","P","B","EU27"
"Anser brachyrhynchus","","A040",1580,"cropland","P","W","EU27"
"Anser erythropus","","A042",1600,"heathlandShrub","P","B","EU27"
"Anser erythropus","","A042",1600,"cropland","P","W","EU27"
"Anser fabalis fabalis","North-east Europe/North-west Europe","A701",1571,"riversLakes","P","B","EU27"
"Anser fabalis fabalis","North-east Europe/North-west Europe","A701",1571,"cropland","P","W","EU27"
"Anser fabalis rossicus","West & Central Siberia/NE & SW Europe","A702",1574,"cropland","P","W","EU27"
"Anthus berthelotii","","A432",10060,"heathlandShrub","P","B","EU27"
"Anthus campestris","","A255",10050,"grassland","P","B","EU27"
"Anthus cervinus","","A258",10120,"heathlandShrub","P","B","EU27"
"Anthus petrosus","","A666",10142,"sparselyVegetated","P","B","EU27"
"Anthus pratensis","","A257",10110,"grassland","P","B","EU27"
"Anthus pratensis","","A257",10110,"grassland","P","W","EU27"
"Anthus trivialis","","A256",10090,"heathlandShrub","P","B","EU27"
"Apus affinis","","A677",8000,"sparselyVegetated","P","B","EU27"
"Apus apus","","A226",7950,"sparselyVegetated","P","B","EU27"
"Apus caffer","","A424",7990,"sparselyVegetated","P","B","EU27"
"Apus pallidus","","A227",7960,"sparselyVegetated","P","B","EU27"
"Apus unicolor","","A425",7940,"sparselyVegetated","P","B","EU27"
"Aquila adalberti","","A405",2952,"heathlandShrub","P","B","EU27"
"Aquila adalberti","","A405",2952,"heathlandShrub","P","W","EU27"
"Aquila chrysaetos","","A091",2960,"heathlandShrub","P","B","EU27"
"Aquila clanga","","A090",2930,"wetlands","P","B","EU27"
"Aquila clanga","","A090",2930,"wetlands","P","W","EU27"
"Aquila fasciatus","","A707",2990,"sparselyVegetated","P","B","EU27"
"Aquila heliaca","","A404",2950,"grassland","P","B","EU27"
"Aquila heliaca","","A404",2950,"grassland","P","W","EU27"
"Aquila pomarina","","A089",2920,"grassland","P","B","EU27"
"Ardea cinerea cinerea","","A699",1220,"riversLakes","P","B","EU27"
"Ardea cinerea cinerea","","A699",1220,"marineInlets","P","W","EU27"
"Ardea purpurea purpurea","West Europe & West Mediterranean/West Africa","A634-A",1240,"riversLakes","P","B","EU27"
"Ardea purpurea purpurea","East Europe, Black Sea & Mediterranean/Sub-Saharan Africa","A634-B",1240,"riversLakes","P","B","EU27"
"Ardeola ralloides ralloides","","A635",1080,"riversLakes","P","B","EU27"
"Arenaria interpres","","A169",5610,"sparselyVegetated","P","B","EU27"
"Arenaria interpres","","A169",5610,"coastal","P","W","EU27"
"Asio flammeus","","A222",7680,"grassland","P","B","EU27"
"Asio flammeus","","A222",7680,"cropland","P","W","EU27"
"Asio otus","","A221",7670,"cropland","P","B","EU27"
"Athene noctua","","A218",7570,"grassland","P","B","EU27"
"Aythya ferina","","A059",1980,"riversLakes","P","B","EU27"
"Aythya ferina","","A059",1980,"marineInlets","P","W","EU27"
"Aythya fuligula","","A061",2030,"riversLakes","P","B","EU27"
"Aythya fuligula","","A061",2030,"coastal","P","W","EU27"
"Aythya marila","","A062",2040,"riversLakes","P","B","EU27"
"Aythya marila","","A062",2040,"coastal","P","W","EU27"
"Aythya nyroca","West Mediterranean/North & West Africa","A060-A",2020,"riversLakes","P","B","EU27"
"Aythya nyroca","Eastern Europe/E Mediterranean & Sahelian Africa","A060-B",2020,"riversLakes","P","B","EU27"
"Aythya nyroca","Eastern Europe/E Mediterranean & Sahelian Africa","A060-B",2020,"marineInlets","P","W","EU27"
"Aythya nyroca","West Mediterranean/North & West Africa","A060-A",2020,"marineInlets","P","W","EU27"
"Bombycilla garrulus","","A263",10480,"woodlandForest","P","B","EU27"
"Bonasa bonasia","","A104",3260,"woodlandForest","P","B","EU27"
"Botaurus stellaris stellaris","W Europe, NW Africa (bre)","A688-A",950,"riversLakes","P","B","EU27"
"Botaurus stellaris stellaris","C & E Europe, Black Sea & E Mediterranean (bre)","A688-B",950,"riversLakes","P","B","EU27"
"Botaurus stellaris stellaris","C & E Europe, Black Sea & E Mediterranean (bre)","A688-B",950,"riversLakes","P","W","EU27"
"Botaurus stellaris stellaris","W Europe, NW Africa (bre)","A688-A",950,"riversLakes","P","W","EU27"
"Branta bernicla bernicla","Western Siberia/Western Europe","A675",1681,"grassland","P","W","EU27"
"Branta bernicla hrota","Canada & Greenland/Ireland","A674-A",1682,"grassland","P","W","EU27"
"Branta bernicla hrota","Svalbard/Denmark & UK","A674-B",1682,"grassland","P","W","EU27"
"Branta canadensis","","A044-X",1660,"riversLakes","P","B","EU27"
"Branta leucopsis","East Greenland/Scotland & Ireland","A045-A",1670,"cropland","P","W","EU27"
"Branta leucopsis","Svalbard/South-west Scotland","A045-B",1670,"cropland","P","W","EU27"
"Branta leucopsis","Russia/Germany & Netherlands","A045-C",1670,"riversLakes","P","B","EU27"
"Branta leucopsis","Russia/Germany & Netherlands","A045-C",1670,"cropland","P","W","EU27"
"Branta leucopsis","","A045-X",1670,"riversLakes","P","B","EU27"
"Branta ruficollis","Northern Siberia/Black Sea & Caspian","A396",1690,"grassland","P","W","EU27"
"Bubo bubo","","A215",7440,"sparselyVegetated","P","B","EU27"
"Bubo bubo","","A215-X",7440,"sparselyVegetated","P","B","EU27"
"Bubo scandiaca","","A736",7490,"heathlandShrub","P","B","EU27"
"Bubulcus ibis ibis","","A696",1110,"grassland","P","B","EU27"
"Bubulcus ibis ibis","","A696",1110,"grassland","P","W","EU27"
"Bucanetes githagineus","","A452",16760,"heathlandShrub","P","B","EU27"
"Bucephala clangula","","A067",2180,"riversLakes","P","B","EU27"
"Bucephala clangula","","A067",2180,"coastal","P","W","EU27"
"Bulweria bulwerii","","A387",340,"sparselyVegetated","P","B","EU27"
"Burhinus oedicnemus","","A133",4590,"grassland","P","B","EU27"
"Burhinus oedicnemus","","A133",4590,"grassland","P","W","EU27"
"Buteo buteo","","A087",2870,"cropland","P","B","EU27"
"Buteo lagopus","","A088",2900,"woodlandForest","P","B","EU27"
"Buteo lagopus","","A088",2900,"cropland","P","W","EU27"
"Buteo rufinus","","A403",2880,"grassland","P","B","EU27"
"Cairina moschata","","A751-X",1750,"riversLakes","P","B","EU27"
"Calandrella brachydactyla","","A243",9680,"cropland","P","B","EU27"
"Calandrella rufescens","","A431",9700,"grassland","P","B","EU27"
"Calcarius lapponicus","","A374",18470,"heathlandShrub","P","B","EU27"
"Calidris alba","","A144",4970,"marineInlets","P","W","EU27"
"Calidris alpina","all non-breeding populations","A149",5120,"sparselyVegetated","P","W","EU27"
"Calidris alpina alpina","NE Europe & NW Siberia/W Europe & NW Africa","A672",5121,"wetlands","P","B","EU27"
"Calidris alpina schinzii","Britain & Ireland/SW Europe & NW Africa","A466-A",5123,"sparselyVegetated","P","B","EU27"
"Calidris alpina schinzii","Baltic/SW Europe & NW Africa","A466-B",5123,"wetlands","P","B","EU27"
"Calidris canutus","","A143",4960,"marineInlets","P","W","EU27"
"Calidris ferruginea","","A147",5090,"sparselyVegetated","P","W","EU27"
"Calidris maritima maritima","N Europe & W Siberia (bre)","A670-A",5100,"sparselyVegetated","P","B","EU27"
"Calidris maritima maritima","N Europe & W Siberia (bre)","A670-A",5100,"marineInlets","P","W","EU27"
"Calidris maritima maritima","NE Canada & N Greenland (bre)","A670-B",5100,"sparselyVegetated","P","W","EU27"
"Calidris minuta","","A145",5010,"sparselyVegetated","P","W","EU27"
"Calidris minuta","","A145",5010,"wetlands","P","B","EU27"
"Calidris temminckii","","A146",5020,"heathlandShrub","P","B","EU27"
"Calonectris diomedea","","A010",360,"sparselyVegetated","P","B","EU27"
"Caprimulgus europaeus","","A224",7780,"heathlandShrub","P","B","EU27"
"Caprimulgus ruficollis","","A225",7790,"heathlandShrub","P","B","EU27"
"Carduelis cabaret","","A681",16634,"heathlandShrub","P","B","EU27"
"Carduelis cabaret","","A681",16634,"heathlandShrub","P","W","EU27"
"Carduelis cannabina","","A366",16600,"cropland","P","B","EU27"
"Carduelis cannabina","","A366",16600,"cropland","P","W","EU27"
"Carduelis carduelis","","A364",16530,"cropland","P","B","EU27"
"Carduelis carduelis","","A364",16530,"cropland","P","W","EU27"
"Carduelis chloris","","A745",16490,"cropland","P","B","EU27"
"Carduelis citrinella","","A623",16441,"heathlandShrub","P","B","EU27"
"Carduelis corsicana","","A669",16442,"heathlandShrub","P","B","EU27"
"Carduelis flammea","","A368",16630,"heathlandShrub","P","B","EU27"
"Carduelis flavirostris","","A367",16620,"heathlandShrub","P","B","EU27"
"Carduelis hornemanni","","A543",16640,"heathlandShrub","P","B","EU27"
"Carduelis spinus","","A365",16540,"woodlandForest","P","B","EU27"
"Carduelis spinus","","A365",16540,"woodlandForest","P","W","EU27"
"Carpodacus erythrinus","","A371",16790,"wetlands","P","B","EU27"
"Casmerodius albus albus","W, C & SE Europe/Black Sea & Mediterranean","A698",1210,"riversLakes","P","B","EU27"
"Casmerodius albus albus","W, C & SE Europe/Black Sea & Mediterranean","A698",1210,"marineInlets","P","W","EU27"
"Catharacta skua","","A175",5690,"sparselyVegetated","P","B","EU27"
"Catharacta skua","","A175",5690,"ocean","P","W","EU27"
"Cepphus grylle","","A202",6380,"sparselyVegetated","P","B","EU27"
"Cepphus grylle","","A202",6380,"coastal","P","W","EU27"
"Certhia brachydactyla all others","","A637",14870,"woodlandForest","P","B","EU27"
"Certhia brachydactyla dorotheae","","A469",14870,"woodlandForest","P","B","EU27"
"Certhia familiaris","","A334",14860,"woodlandForest","P","B","EU27"
"Cettia cetti","","A288",12200,"riversLakes","P","B","EU27"
"Charadrius alexandrinus alexandrinus","West Europe & West Mediterranean/West Africa","A682-A",4770,"sparselyVegetated","P","B","EU27"
"Charadrius alexandrinus alexandrinus","Black Sea & East Mediterranean/Eastern Sahel","A682-B",4770,"riversLakes","P","B","EU27"
"Charadrius alexandrinus alexandrinus","West Europe & West Mediterranean/West Africa","A682-A",4770,"sparselyVegetated","P","W","EU27"
"Charadrius alexandrinus alexandrinus","Black Sea & East Mediterranean/Eastern Sahel","A682-B",4770,"riversLakes","P","W","EU27"
"Charadrius dubius curonicus","Europe & North-west Africa/West Africa","A726",4690,"riversLakes","P","B","EU27"
"Charadrius hiaticula","","A137",4700,"riversLakes","P","B","EU27"
"Charadrius hiaticula","","A137",4700,"riversLakes","P","W","EU27"
"Charadrius leschenaultii columbinus","Turkey & SW Asia/E. Mediterranean & Red Sea","A668",4790,"sparselyVegetated","P","W","EU27"
"Chen caerulescens","","A788-X",1630,"Wetlands","P","B","EU27"
"Chersophilus duponti","","A430",9590,"heathlandShrub","P","B","EU27"
"Chlamydotis undulata","","A416",4440,"heathlandShrub","P","B","EU27"
"Chlidonias hybrida","","A734",6260,"riversLakes","P","B","EU27"
"Chlidonias leucopterus","","A198",6280,"riversLakes","P","B","EU27"
"Chlidonias niger","","A197",6270,"riversLakes","P","B","EU27"
"Chrysolophus amherstiae","","A755-X",3970,"woodlandForest","P","B","EU27"
"Chrysolophus pictus","","A557-X",3960,"woodlandForest","P","B","EU27"
"Ciconia ciconia ciconia","W Europe & North-west Africa/Sub-Saharan Africa","A667-A",1340,"urban","P","B","EU27"
"Ciconia ciconia ciconia","Central & Eastern Europe/Sub-Saharan Africa","A667-B",1340,"grassland","P","B","EU27"
"Ciconia nigra","South-west Europe/West Africa","A030-A",1310,"wetlands","P","B","EU27"
"Ciconia nigra","Central & Eastern Europe/Sub-Saharan Africa","A030-B",1310,"wetlands","P","B","EU27"
"Cinclus cinclus","","A264",10500,"riversLakes","P","B","EU27"
"Circaetus gallicus","","A080",2560,"grassland","P","B","EU27"
"Circus aeruginosus","","A081",2600,"riversLakes","P","B","EU27"
"Circus aeruginosus","","A081",2600,"riversLakes","P","W","EU27"
"Circus cyaneus","","A082",2610,"grassland","P","B","EU27"
"Circus cyaneus","","A082",2610,"grassland","P","W","EU27"
"Circus macrourus","","A083",2620,"cropland","P","B","EU27"
"Circus pygargus","","A084",2630,"cropland","P","B","EU27"
"Cisticola juncidis","","A289",12260,"cropland","P","B","EU27"
"Clamator glandarius","","A211",7160,"heathlandShrub","P","B","EU27"
"Clangula hyemalis","Western Siberia/North Europe","A064",2120,"riversLakes","P","B","EU27"
"Clangula hyemalis","Western Siberia/North Europe","A064",2120,"coastal","P","W","EU27"
"Coccothraustes coccothraustes","","A373",17170,"cropland","P","B","EU27"
"Colinus virginianus","","A752-X",3450,"cropland","P","B","EU27"
"Columba bollii","","A422",6720,"sparselyVegetated","P","B","EU27"
"Columba junoniae","","A423",6730,"sparselyVegetated","P","B","EU27"
"Columba livia","livia and domestica","A206",6650,"sparselyVegetated","P","B","EU27"
"Columba oenas","","A207",6680,"cropland","P","B","EU27"
"Columba palumbus azorica","","A421",6700,"urban","P","B","EU27"
"Columba palumbus palumbus","","A687",6700,"urban","P","B","EU27"
"Columba trocaz","","A455",6710,"sparselyVegetated","P","B","EU27"
"Coracias garrulus","","A231",8410,"cropland","P","B","EU27"
"Corvus corax","","A350",15720,"sparselyVegetated","P","B","EU27"
"Corvus corone cornix","","A742",15673,"cropland","P","B","EU27"
"Corvus corone corone","","A743",15671,"cropland","P","B","EU27"
"Corvus frugilegus","","A348",15630,"cropland","P","B","EU27"
"Corvus monedula","","A347",15600,"cropland","P","B","EU27"
"Coturnix coturnix","","A113",3700,"cropland","P","B","EU27"
"Crex crex","Europe & Western Asia/Sub-Saharan Africa","A122",4210,"cropland","P","B","EU27"
"Cuculus canorus","","A212",7240,"cropland","P","B","EU27"
"Cursorius cursor","","A134",4640,"sparselyVegetated","P","B","EU27"
"Cyanopica cyanus","","A454",15470,"woodlandForest","P","B","EU27"
"Cygnus atratus","","A747-X",20800,"riversLakes","P","B","EU27"
"Cygnus columbianus bewickii","Western Siberia & NE Europe/North-west Europe","A037",1532,"marineInlets","P","W","EU27"
"Cygnus cygnus","North-west Mainland Europe","A038-A",1540,"cropland","P","W","EU27"
"Cygnus cygnus","Iceland/UK & Ireland","A038-B",1540,"cropland","P","W","EU27"
"Cygnus cygnus","N Europe & W Siberia/Black Sea & E Mediterranean","A038-C",1540,"marineInlets","P","W","EU27"
"Cygnus cygnus","North-west Mainland Europe","A038-A",1540,"riversLakes","P","B","EU27"
"Cygnus cygnus","Iceland/UK & Ireland","A038-B",1540,"riversLakes","P","B","EU27"
"Cygnus olor","","A036",1520,"riversLakes","P","B","EU27"
"Cygnus olor","","A036",1520,"marineInlets","P","W","EU27"
"Delichon urbicum","","A738",10010,"sparselyVegetated","P","B","EU27"
"Dendrocopos leucotos","","A239",8840,"woodlandForest","P","B","EU27"
"Dendrocopos major all others","","A658",8760,"urban","P","B","EU27"
"Dendrocopos major canariensis","","A427",8760,"woodlandForest","P","B","EU27"
"Dendrocopos major thanneri","","A428",8760,"woodlandForest","P","B","EU27"
"Dendrocopos medius","","A238",8830,"woodlandForest","P","B","EU27"
"Dendrocopos minor","","A240",8870,"woodlandForest","P","B","EU27"
"Dendrocopos syriacus","","A429",8780,"cropland","P","B","EU27"
"Dryocopus martius","","A236",8630,"woodlandForest","P","B","EU27"
"Egretta garzetta garzetta","","A697",1190,"riversLakes","P","B","EU27"
"Egretta garzetta garzetta","","A697",1190,"riversLakes","P","W","EU27"
"Elanus caeruleus","","A399",2350,"grassland","P","B","EU27"
"Emberiza aureola","","A540",18760,"woodlandForest","P","B","EU27"
"Emberiza caesia","","A447",18680,"sparselyVegetated","P","B","EU27"
"Emberiza cia","","A378",18600,"heathlandShrub","P","B","EU27"
"Emberiza cirlus","","A377",18580,"grassland","P","B","EU27"
"Emberiza citrinella","","A376",18570,"cropland","P","B","EU27"
"Emberiza melanocephala","","A382",18810,"heathlandShrub","P","B","EU27"
"Emberiza pusilla","","A380",18740,"wetlands","P","B","EU27"
"Emberiza rustica","","A542",18730,"wetlands","P","B","EU27"
"Emberiza schoeniclus","","A381",18770,"riversLakes","P","B","EU27"
"Eremophila alpestris","","A248",9780,"heathlandShrub","P","B","EU27"
"Erithacus rubecula","","A269",10990,"urban","P","B","EU27"
"Erythropygia galactotes","","A739",10950,"heathlandShrub","P","B","EU27"
"Eudromias morinellus","Europe/North-west Africa","A727",4820,"heathlandShrub","P","B","EU27"
"Eudromias morinellus","Europe/North-west Africa","A727",4820,"heathlandShrub","P","W","EU27"
"Falco biarmicus","","A101",3140,"heathlandShrub","P","B","EU27"
"Falco cherrug","","A511",3160,"grassland","P","B","EU27"
"Falco columbarius","","A098",3090,"woodlandForest","P","B","EU27"
"Falco eleonorae","","A100",3110,"sparselyVegetated","P","B","EU27"
"Falco naumanni","","A095",3030,"grassland","P","B","EU27"
"Falco pelegrinoides","","A512",3210,"sparselyVegetated","P","B","EU27"
"Falco peregrinus all others","","A710",3200,"sparselyVegetated","P","B","EU27"
"Falco peregrinus brookei","","A709",3202,"sparselyVegetated","P","B","EU27"
"Falco peregrinus peregrinus","","A708",3201,"wetlands","P","B","EU27"
"Falco peregrinus peregrinus","","A708",3201,"riversLakes","P","W","EU27"
"Falco rusticolus","","A102",3180,"heathlandShrub","P","B","EU27"
"Falco subbuteo","","A099",3100,"cropland","P","B","EU27"
"Falco tinnunculus","","A096",3040,"cropland","P","B","EU27"
"Falco vespertinus","","A097",3070,"cropland","P","B","EU27"
"Ficedula albicollis","","A321",13480,"urban","P","B","EU27"
"Ficedula hypoleuca","","A322",13490,"urban","P","B","EU27"
"Ficedula parva","","A320",13430,"woodlandForest","P","B","EU27"
"Ficedula semitorquata","","A442",13470,"woodlandForest","P","B","EU27"
"Francolinus erckelii","","A754-X",28010,"heathlandShrub","P","B","EU27"
"Francolinus francolinus francolinus","","A716",3640,"heathlandShrub","P","B","EU27"
"Fratercula arctica","","A204",6540,"sparselyVegetated","P","B","EU27"
"Fringilla coelebs all others","","A657",16360,"cropland","P","B","EU27"
"Fringilla coelebs all others","","A657",16360,"cropland","P","W","EU27"
"Fringilla coelebs ombriosa","","A448",16363,"woodlandForest","P","B","EU27"
"Fringilla montifringilla","","A360",16380,"woodlandForest","P","B","EU27"
"Fringilla montifringilla","","A360",16380,"cropland","P","W","EU27"
"Fringilla teydea polatzeki","","A643",16372,"woodlandForest","P","B","EU27"
"Fringilla teydea teydea","","A636",16371,"woodlandForest","P","B","EU27"
"Fulica atra atra","","A723",4290,"riversLakes","P","B","EU27"
"Fulica atra atra","","A723",4290,"coastal","P","W","EU27"
"Fulica cristata","Spain & Morocco","A126",4310,"riversLakes","P","B","EU27"
"Fulica cristata","Spain & Morocco","A126",4310,"riversLakes","P","W","EU27"
"Fulmarus glacialis","","A009",220,"sparselyVegetated","P","B","EU27"
"Fulmarus glacialis","","A009",220,"ocean","P","W","EU27"
"Galerida cristata","","A244",9720,"cropland","P","B","EU27"
"Galerida theklae","","A245",9730,"grassland","P","B","EU27"
"Galerida theklae","","A245",9730,"grassland","P","W","EU27"
"Gallinago gallinago","","A153",5190,"riversLakes","P","B","EU27"
"Gallinago gallinago","","A153",5190,"riversLakes","P","W","EU27"
"Gallinago media","Scandinavia/probably West Africa","A154-A",5200,"wetlands","P","B","EU27"
"Gallinago media","Western Siberia & NE Europe/South-east Africa","A154-B",5200,"wetlands","P","B","EU27"
"Gallinula chloropus chloropus","Europe & North Africa","A721",4240,"riversLakes","P","B","EU27"
"Gallinula chloropus chloropus","Europe & North Africa","A721",4240,"riversLakes","P","W","EU27"
"Garrulus glandarius","","A342",15390,"woodlandForest","P","B","EU27"
"Gavia adamsii","","A502",50,"riversLakes","P","W","EU27"
"Gavia arctica arctica","Northern Europe & Western Siberia/Europe","A689",30,"riversLakes","P","B","EU27"
"Gavia arctica arctica","Northern Europe & Western Siberia/Europe","A689",30,"coastal","P","W","EU27"
"Gavia immer","Europe (win)","A003",40,"shelf","P","W","EU27"
"Gavia stellata","North-west Europe (win)","A001-A",20,"riversLakes","P","B","EU27"
"Gavia stellata","North-west Europe (win)","A001-A",20,"coastal","P","W","EU27"
"Gavia stellata","Caspian, Black Sea & East Mediterranean (win)","A001-B",20,"coastal","P","W","EU27"
"Glareola nordmanni","SE Europe & Western Asia/Southern Africa","A515",4670,"grassland","P","B","EU27"
"Glareola pratincola pratincola","Western Europe & NW Africa/West Africa","A625-A",4650,"grassland","P","B","EU27"
"Glareola pratincola pratincola","Black Sea & E Mediterranean/Eastern Sahel zone","A625-B",4650,"grassland","P","B","EU27"
"Glaucidium passerinum","","A217",7510,"woodlandForest","P","B","EU27"
"Grus grus grus","Eastern Europe/Turkey, Middle East & NE Africa","A639-A",4330,"riversLakes","P","B","EU27"
"Grus grus grus","other populations","A639-B",4330,"riversLakes","P","B","EU27"
"Grus grus grus","other populations","A639-B",4330,"cropland","P","W","EU27"
"Gypaetus barbatus","","A076",2460,"sparselyVegetated","P","B","EU27"
"Gyps fulvus","","A078",2510,"sparselyVegetated","P","B","EU27"
"Haematopus ostralegus","","A130",4500,"riversLakes","P","B","EU27"
"Haematopus ostralegus","","A130",4500,"marineInlets","P","W","EU27"
"Haliaeetus albicilla","","A075",2430,"riversLakes","P","B","EU27"
"Haliaeetus albicilla","","A075",2430,"riversLakes","P","W","EU27"
"Hieraaetus pennatus","","A092",2980,"sparselyVegetated","P","B","EU27"
"Hieraaetus pennatus","","A092",2980,"sparselyVegetated","P","W","EU27"
"Himantopus himantopus","","A131",4550,"riversLakes","P","B","EU27"
"Himantopus himantopus","","A131",4550,"riversLakes","P","W","EU27"
"Hippolais caligata","","A741",12560,"cropland","P","B","EU27"
"Hippolais icterina","","A299",12590,"woodlandForest","P","B","EU27"
"Hippolais olivetorum","","A439",12580,"cropland","P","B","EU27"
"Hippolais pallida","","A740",12550,"woodlandForest","P","B","EU27"
"Hippolais polyglotta","","A300",12600,"heathlandShrub","P","B","EU27"
"Hirundo daurica","","A252",9950,"sparselyVegetated","P","B","EU27"
"Hirundo rupestris","","A737",9910,"sparselyVegetated","P","B","EU27"
"Hirundo rupestris","","A737",9910,"sparselyVegetated","P","W","EU27"
"Hirundo rustica","","A251",9920,"urban","P","B","EU27"
"Hydrobates pelagicus melitensis","","A695",522,"sparselyVegetated","P","B","EU27"
"Hydrobates pelagicus pelagicus","","A694",521,"sparselyVegetated","P","B","EU27"
"Ixobrychus minutus minutus","W Europe, NW Africa/Sub-Saharan Africa","A617-A",980,"riversLakes","P","B","EU27"
"Ixobrychus minutus minutus","C & E Europe, Black Sea & E Mediterranean/Sub-Saharan Africa","A617-B",980,"riversLakes","P","B","EU27"
"Jynx torquilla","","A233",8480,"cropland","P","B","EU27"
"Lagopus lagopus hibernicus","","A463",3292,"heathlandShrub","P","B","EU27"
"Lagopus lagopus lagopus","","A461",3291,"woodlandForest","P","B","EU27"
"Lagopus lagopus rossica","","A629",3290,"heathlandShrub","P","B","EU27"
"Lagopus lagopus scotica","","A711",3292,"heathlandShrub","P","B","EU27"
"Lagopus muta helvetica","","A713",3330,"sparselyVegetated","P","B","EU27"
"Lagopus muta millaisi","","A714",3330,"sparselyVegetated","P","B","EU27"
"Lagopus muta muta","","A715",3330,"heathlandShrub","P","B","EU27"
"Lagopus muta pyrenaica","","A712",3330,"heathlandShrub","P","B","EU27"
"Lanius collurio","","A338",15150,"cropland","P","B","EU27"
"Lanius excubitor excubitor","","A653",15201,"heathlandShrub","P","B","EU27"
"Lanius excubitor excubitor","","A653",15201,"grassland","P","W","EU27"
"Lanius excubitor meridionalis","[including koenigi]","A655",15203,"heathlandShrub","P","B","EU27"
"Lanius excubitor meridionalis","[including koenigi]","A655",15203,"heathlandShrub","P","W","EU27"
"Lanius minor","","A339",15190,"cropland","P","B","EU27"
"Lanius nubicus","","A433",15240,"cropland","P","B","EU27"
"Lanius senator","","A341",15230,"grassland","P","B","EU27"
"Larus argentatus","","A184",5920,"riversLakes","P","B","EU27"
"Larus argentatus","","A184",5920,"coastal","P","W","EU27"
"Larus audouinii","Mediterranean/N & W coasts of Africa","A181",5880,"sparselyVegetated","P","B","EU27"
"Larus audouinii","Mediterranean/N & W coasts of Africa","A181",5880,"coastal","P","W","EU27"
"Larus cachinnans","","A459",5927,"riversLakes","P","B","EU27"
"Larus cachinnans","","A459",5927,"coastal","P","W","EU27"
"Larus canus","","A182",5900,"riversLakes","P","B","EU27"
"Larus canus","","A182",5900,"coastal","P","W","EU27"
"Larus fuscus fuscus","NE Europe/Black Sea, SW Asia & Eastern Africa","A640",5911,"riversLakes","P","B","EU27"
"Larus fuscus fuscus","NE Europe/Black Sea, SW Asia & Eastern Africa","A640",5911,"coastal","P","W","EU27"
"Larus fuscus graellsii","Western Europe/Mediterranean & West Africa","A664",5912,"sparselyVegetated","P","B","EU27"
"Larus fuscus graellsii","Western Europe/Mediterranean & West Africa","A664",5912,"coastal","P","W","EU27"
"Larus fuscus intermedius","S Scandinavia, Netherlands, Ebro Delta, Spain","A641",5913,"sparselyVegetated","P","B","EU27"
"Larus fuscus intermedius","S Scandinavia, Netherlands, Ebro Delta, Spain","A641",5913,"coastal","P","W","EU27"
"Larus genei","","A180",5850,"riversLakes","P","B","EU27"
"Larus genei","","A180",5850,"coastal","P","W","EU27"
"Larus marinus","","A187",6000,"sparselyVegetated","P","B","EU27"
"Larus marinus","","A187",6000,"coastal","P","W","EU27"
"Larus melanocephalus","","A176",5750,"riversLakes","P","B","EU27"
"Larus melanocephalus","","A176",5750,"coastal","P","W","EU27"
"Larus michahellis","","A604",5926,"riversLakes","P","B","EU27"
"Larus michahellis","","A604",5926,"coastal","P","W","EU27"
"Larus minutus","","A177",5780,"riversLakes","P","B","EU27"
"Larus minutus","","A177",5780,"coastal","P","W","EU27"
"Larus ridibundus","","A179",5820,"riversLakes","P","B","EU27"
"Larus ridibundus","","A179",5820,"coastal","P","W","EU27"
"Leiothrix lutea","","A762-X",14070,"urban","P","B","EU27"
"Limicola falcinellus","Northern Europe/SW Asia & Africa","A150",5140,"wetlands","P","B","EU27"
"Limosa lapponica","","A157",5340,"heathlandShrub","P","B","EU27"
"Limosa lapponica","","A157",5340,"marineInlets","P","W","EU27"
"Limosa limosa islandica","Iceland/Western Europe","A616",5322,"coastal","P","W","EU27"
"Limosa limosa islandica","Iceland/Western Europe","A616",5322,"coastal","P","B","EU27"
"Limosa limosa limosa","Western Europe/NW & West Africa","A614-A",5321,"grassland","P","B","EU27"
"Limosa limosa limosa","Western Europe/NW & West Africa","A614-A",5321,"marineInlets","P","W","EU27"
"Limosa limosa limosa","Eastern Europe/Central & Eastern Africa","A614-B",5321,"riversLakes","P","B","EU27"
"Limosa limosa limosa","Eastern Europe/Central & Eastern Africa","A614-B",5321,"marineInlets","P","W","EU27"
"Locustella fluviatilis","","A291",12370,"riversLakes","P","B","EU27"
"Locustella luscinioides","","A292",12380,"riversLakes","P","B","EU27"
"Locustella naevia","","A290",12360,"riversLakes","P","B","EU27"
"Loxia curvirostra","","A369",16660,"woodlandForest","P","B","EU27"
"Loxia leucoptera","","A544",16650,"woodlandForest","P","B","EU27"
"Loxia pytyopsittacus","","A370",16680,"woodlandForest","P","B","EU27"
"Loxia scotica","","A451",16670,"woodlandForest","P","B","EU27"
"Lullula arborea","","A246",9740,"heathlandShrub","P","B","EU27"
"Luscinia luscinia","","A270",11030,"riversLakes","P","B","EU27"
"Luscinia megarhynchos","","A271",11040,"riversLakes","P","B","EU27"
"Luscinia svecica cyanecula","","A612",11062,"riversLakes","P","B","EU27"
"Luscinia svecica cyanecula","","A612",11062,"riversLakes","P","W","EU27"
"Luscinia svecica namnetum","","A611",11063,"riversLakes","P","B","EU27"
"Luscinia svecica svecica","","A609",11061,"heathlandShrub","P","B","EU27"
"Lymnocryptes minimus","Northern Europe/S & W Europe & West Africa","A152",5180,"wetlands","P","B","EU27"
"Lymnocryptes minimus","Northern Europe/S & W Europe & West Africa","A152",5180,"riversLakes","P","W","EU27"
"Marmaronetta angustirostris","West Mediterranean/West Medit. & West Africa","A057-A",1950,"riversLakes","P","B","EU27"
"Marmaronetta angustirostris","West Mediterranean/West Medit. & West Africa","A057-A",1950,"riversLakes","P","W","EU27"
"Melanitta fusca fusca","Black Sea & Caspian","A685-A",2151,"riversLakes","P","W","EU27"
"Melanitta fusca fusca","Western Siberia & Northern Europe/NW Europe","A685-B",2151,"riversLakes","P","B","EU27"
"Melanitta fusca fusca","Western Siberia & Northern Europe/NW Europe","A685-B",2151,"coastal","P","W","EU27"
"Melanitta nigra nigra","W Siberia & N Europe/W Europe & NW Africa","A706",2130,"riversLakes","P","B","EU27"
"Melanitta nigra nigra","W Siberia & N Europe/W Europe & NW Africa","A706",2130,"coastal","P","W","EU27"
"Melanitta perspicillata","","A843",2140,"riversLakes","P","W","EU27"
"Melanocorypha calandra","","A242",9610,"cropland","P","B","EU27"
"Meleagris gallopavo","","A460-X",3990,"woodlandForest","P","B","EU27"
"Mergellus albellus","North-east Europe/Black Sea & East Mediterranean","A767-A",2200,"riversLakes","P","B","EU27"
"Mergellus albellus","North-east Europe/Black Sea & East Mediterranean","A767-A",2200,"coastal","P","W","EU27"
"Mergellus albellus","North-west & Central Europe (win)","A767-B",2200,"riversLakes","P","B","EU27"
"Mergellus albellus","North-west & Central Europe (win)","A767-B",2200,"coastal","P","W","EU27"
"Mergus merganser merganser","North-east Europe/Black Sea","A654-A",2230,"riversLakes","P","B","EU27"
"Mergus merganser merganser","North-east Europe/Black Sea","A654-A",2230,"coastal","P","W","EU27"
"Mergus merganser merganser","other populations","A654-B",2230,"riversLakes","P","B","EU27"
"Mergus merganser merganser","other populations","A654-B",2230,"coastal","P","W","EU27"
"Mergus serrator","","A069",2210,"riversLakes","P","B","EU27"
"Mergus serrator","","A069",2210,"coastal","P","W","EU27"
"Miliaria calandra","","A746",18820,"cropland","P","B","EU27"
"Milvus migrans","","A073",2380,"woodlandForest","P","B","EU27"
"Milvus milvus","","A074",2390,"riversLakes","P","B","EU27"
"Milvus milvus","","A074",2390,"riversLakes","P","W","EU27"
"Monticola saxatilis","","A280",11620,"heathlandShrub","P","B","EU27"
"Monticola solitarius","","A281",11660,"sparselyVegetated","P","B","EU27"
"Montifringilla nivalis","","A358",16110,"sparselyVegetated","P","B","EU27"
"Morus bassanus","","A016",710,"sparselyVegetated","P","B","EU27"
"Morus bassanus","","A016",710,"coastal","P","W","EU27"
"Motacilla alba","","A262",10200,"riversLakes","P","B","EU27"
"Motacilla alba","","A262",10200,"riversLakes","P","W","EU27"
"Motacilla cinerea","","A261",10190,"riversLakes","P","B","EU27"
"Motacilla cinerea","","A261",10190,"riversLakes","P","W","EU27"
"Motacilla citreola","","A608",10180,"wetlands","P","B","EU27"
"Motacilla flava","","A260",10170,"grassland","P","B","EU27"
"Muscicapa striata","","A319",13350,"urban","P","B","EU27"
"Myiopsitta monachus","","A761-X",20390,"urban","P","B","EU27"
"Neophron percnopterus","","A077",2470,"sparselyVegetated","P","B","EU27"
"Netta rufina","South-west & Central Europe/West Mediterranean","A058-A",1960,"riversLakes","P","B","EU27"
"Netta rufina","Black Sea & East Mediterranean","A058-B",1960,"riversLakes","P","B","EU27"
"Netta rufina","Black Sea & East Mediterranean","A058-B",1960,"riversLakes","P","W","EU27"
"Netta rufina","","A058-X",1960,"riversLakes","P","B","EU27"
"Netta rufina","South-west & Central Europe/West Mediterranean","A058-A",1960,"riversLakes","P","W","EU27"
"Nucifraga caryocatactes","","A344",15570,"woodlandForest","P","B","EU27"
"Numenius arquata arquata","Europe/Europe, North & West Africa","A768",5410,"cropland","P","B","EU27"
"Numenius arquata arquata","Europe/Europe, North & West Africa","A768",5410,"marineInlets","P","W","EU27"
"Numenius arquata orientalis","Western Siberia/SW Asia, E & S Africa","A730",5410,"marineInlets","P","W","EU27"
"Numenius phaeopus","","A158",5380,"heathlandShrub","P","B","EU27"
"Numenius phaeopus","","A158",5380,"marineInlets","P","W","EU27"
"Numenius tenuirostris","Central Siberia/Mediterranean & SW Asia","A159",5400,"marineInlets","P","W","EU27"
"Numida meleagris","","A757-X",3980,"heathlandShrub","P","B","EU27"
"Nycticorax nycticorax nycticorax","C & E Europe/Black Sea & E Mediterranean (bre)","A610-A",1040,"woodlandForest","P","B","EU27"
"Nycticorax nycticorax nycticorax","W Europe, NW Africa (bre)","A610-B",1040,"riversLakes","P","B","EU27"
"Oceanodroma castro","","A390",580,"sparselyVegetated","P","B","EU27"
"Oceanodroma leucorhoa","","A015",550,"sparselyVegetated","P","B","EU27"
"Oceanodroma monteiroi","","A630",580,"sparselyVegetated","P","B","EU27"
"Oenanthe cypriaca","","A467",11470,"heathlandShrub","P","B","EU27"
"Oenanthe hispanica","","A278",11480,"heathlandShrub","P","B","EU27"
"Oenanthe isabellina","","A435",11440,"heathlandShrub","P","B","EU27"
"Oenanthe leucura","","A279",11580,"sparselyVegetated","P","B","EU27"
"Oenanthe oenanthe","","A277",11460,"cropland","P","B","EU27"
"Oenanthe pleschanka","","A533",11470,"wetlands","P","B","EU27"
"Oriolus oriolus","","A337",15080,"woodlandForest","P","B","EU27"
"Otis tarda","","A129",4460,"cropland","P","B","EU27"
"Otis tarda","","A129",4460,"cropland","P","W","EU27"
"Otus scops","","A214",7390,"cropland","P","B","EU27"
"Oxyura jamaicensis","","A750-X",2250,"riversLakes","P","B","EU27"
"Oxyura leucocephala","West Mediterranean (Spain & Morocco)","A071-A",2260,"riversLakes","P","B","EU27"
"Oxyura leucocephala","East Mediterranean, Turkey & South-west Asia","A071-B",2260,"riversLakes","P","W","EU27"
"Oxyura leucocephala","West Mediterranean (Spain & Morocco)","A071-A",2260,"riversLakes","P","W","EU27"
"Pandion haliaetus","","A094",3010,"riversLakes","P","B","EU27"
"Pandion haliaetus","","A094",3010,"riversLakes","P","W","EU27"
"Panurus biarmicus","","A323",13640,"riversLakes","P","B","EU27"
"Parus ater all others","","A656",14610,"woodlandForest","P","B","EU27"
"Parus ater cypriotes","","A470",14610,"woodlandForest","P","B","EU27"
"Parus caeruleus","","A329",14620,"urban","P","B","EU27"
"Parus cinctus","","A537",14480,"woodlandForest","P","B","EU27"
"Parus cristatus","","A327",14540,"woodlandForest","P","B","EU27"
"Parus lugubris","","A443",14410,"woodlandForest","P","B","EU27"
"Parus major","","A330",14640,"urban","P","B","EU27"
"Parus montanus","","A326",14420,"woodlandForest","P","B","EU27"
"Parus palustris","","A325",14400,"woodlandForest","P","B","EU27"
"Passer domesticus","","A620",15911,"cropland","P","B","EU27"
"Passer hispaniolensis all others","","A771",15920,"cropland","P","B","EU27"
"Passer hispaniolensis italiae","","A744",15912,"cropland","P","B","EU27"
"Passer montanus","","A356",15980,"cropland","P","B","EU27"
"Pavo cristatus","","A756-X",,"woodlandForest","P","B","EU27"
"Pelagodroma marina","","A389",510,"sparselyVegetated","P","B","EU27"
"Pelecanus crispus","Black Sea & Mediterranean (win)","A020",890,"riversLakes","P","B","EU27"
"Pelecanus crispus","Black Sea & Mediterranean (win)","A020",890,"riversLakes","P","W","EU27"
"Pelecanus onocrotalus","Europe & Western Asia (bre)","A019",880,"riversLakes","P","B","EU27"
"Pelecanus onocrotalus","Europe & Western Asia (bre)","A019",880,"riversLakes","P","W","EU27"
"Perdix perdix all others","","A644",3670,"cropland","P","B","EU27"
"Perdix perdix hispaniensis","","A415",3670,"heathlandShrub","P","B","EU27"
"Perdix perdix italica","","A414",3670,"grassland","P","B","EU27"
"Perisoreus infaustus","","A548",15430,"woodlandForest","P","B","EU27"
"Pernis apivorus","","A072",2310,"woodlandForest","P","B","EU27"
"Petronia petronia","","A357",16040,"sparselyVegetated","P","B","EU27"
"Phalacrocorax aristotelis aristotelis","","A684",801,"sparselyVegetated","P","B","EU27"
"Phalacrocorax aristotelis aristotelis","","A684",801,"coastal","P","W","EU27"
"Phalacrocorax aristotelis desmarestii","","A392",802,"riversLakes","P","B","EU27"
"Phalacrocorax aristotelis desmarestii","","A392",802,"coastal","P","W","EU27"
"Phalacrocorax carbo carbo","North-west Europe","A683",721,"coastal","P","W","EU27"
"Phalacrocorax carbo carbo","North-west Europe","A683",721,"coastal","P","B","EU27"
"Phalacrocorax carbo sinensis","","A391",722,"riversLakes","P","B","EU27"
"Phalacrocorax carbo sinensis","","A391",722,"coastal","P","W","EU27"
"Phalacrocorax pygmeus","Black Sea & Mediterranean","A393",820,"riversLakes","P","B","EU27"
"Phalacrocorax pygmeus","Black Sea & Mediterranean","A393",820,"marineInlets","P","W","EU27"
"Phalaropus lobatus","","A170",5640,"riversLakes","P","B","EU27"
"Phasianus colchicus","","A115-X",3940,"cropland","P","B","EU27"
"Philomachus pugnax","","A151",5170,"grassland","P","B","EU27"
"Philomachus pugnax","","A151",5170,"sparselyVegetated","P","W","EU27"
"Phoenicopterus roseus","West Mediterranean","A663-A",1472,"riversLakes","P","B","EU27"
"Phoenicopterus roseus","West Mediterranean","A663-A",1472,"marineInlets","P","W","EU27"
"Phoenicopterus roseus","East Mediterranean","A663-B",1472,"marineInlets","P","W","EU27"
"Phoenicurus ochruros","","A273",11210,"urban","P","B","EU27"
"Phoenicurus ochruros","","A273",11210,"urban","P","W","EU27"
"Phoenicurus phoenicurus","","A274",11220,"woodlandForest","P","B","EU27"
"Phylloscopus bonelli","","A313",13070,"woodlandForest","P","B","EU27"
"Phylloscopus borealis","","A605",12950,"woodlandForest","P","B","EU27"
"Phylloscopus canariensis","","A613",13117,"woodlandForest","P","B","EU27"
"Phylloscopus collybita","","A315",13110,"heathlandShrub","P","B","EU27"
"Phylloscopus collybita","","A315",13110,"heathlandShrub","P","W","EU27"
"Phylloscopus ibericus","","A618",13115,"woodlandForest","P","B","EU27"
"Phylloscopus sibilatrix","","A314",13080,"woodlandForest","P","B","EU27"
"Phylloscopus trochiloides","","A312",12930,"woodlandForest","P","B","EU27"
"Phylloscopus trochilus","","A316",13120,"heathlandShrub","P","B","EU27"
"Pica pica","","A343",15490,"urban","P","B","EU27"
"Picoides tridactylus","","A241",8980,"woodlandForest","P","B","EU27"
"Picus canus","","A234",8550,"woodlandForest","P","B","EU27"
"Picus viridis","","A235",8560,"grassland","P","B","EU27"
"Pinicola enucleator","","A545",16990,"woodlandForest","P","B","EU27"
"Platalea leucorodia leucorodia","West Europe/West Mediterranean & West Africa","A607-A",1440,"riversLakes","P","B","EU27"
"Platalea leucorodia leucorodia","Cent. & SE Europe/Mediterranean & Tropical Africa","A607-B",1440,"riversLakes","P","B","EU27"
"Platalea leucorodia leucorodia","West Europe/West Mediterranean & West Africa","A607-A",1440,"riversLakes","P","W","EU27"
"Platalea leucorodia leucorodia","Cent. & SE Europe/Mediterranean & Tropical Africa","A607-B",1440,"riversLakes","P","W","EU27"
"Plectrophenax nivalis","","A375",18500,"sparselyVegetated","P","B","EU27"
"Plegadis falcinellus falcinellus","Black Sea & Mediterranean/West Africa","A700",1360,"riversLakes","P","B","EU27"
"Pluvialis apricaria","","A140",4851,"heathlandShrub","P","B","EU27"
"Pluvialis apricaria","","A140",4851,"cropland","P","W","EU27"
"Pluvialis squatarola","W Siberia & Canada/W Europe & W Africa","A141",4860,"sparselyVegetated","P","W","EU27"
"Podiceps auritus auritus","North-west Europe (large-billed)","A642-A",110,"riversLakes","P","B","EU27"
"Podiceps auritus auritus","North-west Europe (large-billed)","A642-A",110,"coastal","P","W","EU27"
"Podiceps auritus auritus","North-east Europe (small-billed)","A642-B",110,"marineInlets","P","W","EU27"
"Podiceps auritus auritus","North-east Europe (small-billed)","A642-B",110,"marineInlets","P","B","EU27"
"Podiceps cristatus cristatus","","A691",90,"riversLakes","P","B","EU27"
"Podiceps cristatus cristatus","","A691",90,"coastal","P","W","EU27"
"Podiceps grisegena grisegena","North-west Europe (win)","A665-A",100,"riversLakes","P","B","EU27"
"Podiceps grisegena grisegena","North-west Europe (win)","A665-A",100,"coastal","P","W","EU27"
"Podiceps grisegena grisegena","Black Sea & Mediterranean (win)","A665-B",100,"riversLakes","P","B","EU27"
"Podiceps grisegena grisegena","Black Sea & Mediterranean (win)","A665-B",100,"coastal","P","W","EU27"
"Podiceps nigricollis nigricollis","Europe/South & West Europe & North Africa","A692",120,"riversLakes","P","B","EU27"
"Podiceps nigricollis nigricollis","Europe/South & West Europe & North Africa","A692",120,"coastal","P","W","EU27"
"Polysticta stelleri","Western Siberia/North-east Europe","A506",2090,"coastal","P","W","EU27"
"Porphyrio porphyrio poliocephalus","","A759-X",,"wetlands","P","B","EU27"
"Porphyrio porphyrio porphyrio","","A722",4270,"riversLakes","P","B","EU27"
"Porzana parva parva","Western Eurasia/Africa","A719",4100,"riversLakes","P","B","EU27"
"Porzana porzana","Europe/Africa","A119",4080,"riversLakes","P","B","EU27"
"Porzana pusilla intermedia","Europe (bre)","A720",4110,"riversLakes","P","B","EU27"
"Prunella collaris","","A267",10940,"sparselyVegetated","P","B","EU27"
"Prunella collaris","","A267",10940,"sparselyVegetated","P","W","EU27"
"Prunella modularis","","A266",10840,"woodlandForest","P","B","EU27"
"Prunella modularis","","A266",10840,"woodlandForest","P","W","EU27"
"Psittacula krameri","","A760-X",7120,"urban","P","B","EU27"
"Pterocles alchata","","A205",6620,"grassland","P","B","EU27"
"Pterocles orientalis","","A420",6610,"grassland","P","B","EU27"
"Pterodroma feae","","A386",262,"sparselyVegetated","P","B","EU27"
"Pterodroma madeira","","A385",263,"sparselyVegetated","P","B","EU27"
"Puffinus assimilis baroli","","A504",482,"sparselyVegetated","P","B","EU27"
"Puffinus mauretanicus","","A693",463,"sparselyVegetated","P","B","EU27"
"Puffinus mauretanicus","","A693",463,"ocean","P","W","EU27"
"Puffinus puffinus","","A013",460,"sparselyVegetated","P","B","EU27"
"Puffinus yelkouan","","A464",462,"sparselyVegetated","P","B","EU27"
"Pyrrhocorax graculus","","A345",15580,"sparselyVegetated","P","B","EU27"
"Pyrrhocorax pyrrhocorax","","A346",15590,"sparselyVegetated","P","B","EU27"
"Pyrrhocorax pyrrhocorax","","A346",15590,"sparselyVegetated","P","W","EU27"
"Pyrrhula murina","","A453",17105,"woodlandForest","P","B","EU27"
"Pyrrhula pyrrhula","","A372",17100,"woodlandForest","P","B","EU27"
"Rallus aquaticus aquaticus","Europe & North Africa","A718",4070,"riversLakes","P","B","EU27"
"Rallus aquaticus aquaticus","Europe & North Africa","A718",4070,"riversLakes","P","W","EU27"
"Recurvirostra avosetta","Western Europe & North-west Africa (bre)","A132-A",4560,"riversLakes","P","B","EU27"
"Recurvirostra avosetta","Western Europe & North-west Africa (bre)","A132-A",4560,"marineInlets","P","W","EU27"
"Recurvirostra avosetta","South-east Europe, Black Sea & Turkey (bre)","A132-B",4560,"riversLakes","P","B","EU27"
"Recurvirostra avosetta","South-east Europe, Black Sea & Turkey (bre)","A132-B",4560,"marineInlets","P","W","EU27"
"Regulus ignicapillus","","A318",13150,"woodlandForest","P","B","EU27"
"Regulus ignicapillus","","A318",13150,"woodlandForest","P","W","EU27"
"Regulus madeirensis","","A652",13153,"woodlandForest","P","B","EU27"
"Regulus regulus","","A317",13140,"woodlandForest","P","B","EU27"
"Remiz pendulinus","","A336",14900,"riversLakes","P","B","EU27"
"Riparia riparia","","A249",9810,"riversLakes","P","B","EU27"
"Rissa tridactyla","","A188",6020,"sparselyVegetated","P","B","EU27"
"Rissa tridactyla","","A188",6020,"coastal","P","W","EU27"
"Saxicola dacotiae","","A437",11380,"heathlandShrub","P","B","EU27"
"Saxicola rubetra","","A275",11370,"wetlands","P","B","EU27"
"Saxicola torquatus","","A276",11390,"heathlandShrub","P","B","EU27"
"Saxicola torquatus","","A276",11390,"heathlandShrub","P","W","EU27"
"Scolopax rusticola","Europe/South & West Europe & North Africa","A155",5290,"woodlandForest","P","B","EU27"
"Scolopax rusticola","Europe/South & West Europe & North Africa","A155",5290,"woodlandForest","P","W","EU27"
"Serinus canaria","","A450",16420,"sparselyVegetated","P","B","EU27"
"Serinus serinus","","A361",16400,"urban","P","B","EU27"
"Sitta europaea","","A332",14790,"woodlandForest","P","B","EU27"
"Sitta neumayer","","A445",14810,"sparselyVegetated","P","B","EU27"
"Sitta whiteheadi","","A331",14700,"woodlandForest","P","B","EU27"
"Somateria mollissima","","A063",2060,"sparselyVegetated","P","B","EU27"
"Somateria mollissima","","A063",2060,"shelf","P","W","EU27"
"Stercorarius longicaudus","","A174",5680,"heathlandShrub","P","B","EU27"
"Stercorarius parasiticus","","A173",5670,"sparselyVegetated","P","B","EU27"
"Sterna albifrons albifrons","Europe north of Mediterranean (bre)","A631-A",6240,"riversLakes","P","B","EU27"
"Sterna albifrons albifrons","Black Sea & East Mediterranean (bre)","A631-B",6240,"riversLakes","P","B","EU27"
"Sterna caspia caspia","","A732",6060,"sparselyVegetated","P","B","EU27"
"Sterna caspia caspia","","A732",6060,"coastal","P","W","EU27"
"Sterna dougallii dougallii","Europe (bre)","A733",6140,"sparselyVegetated","P","B","EU27"
"Sterna fuscata","","A564",6230,"sparselyVegetated","P","B","EU27"
"Sterna hirundo","","A193",6150,"riversLakes","P","B","EU27"
"Sterna nilotica nilotica","Western Europe/West Africa","A731-A",6050,"riversLakes","P","B","EU27"
"Sterna nilotica nilotica","Black Sea & East Mediterranean/Eastern Africa","A731-B",6050,"riversLakes","P","B","EU27"
"Sterna paradisaea","","A194",6160,"riversLakes","P","B","EU27"
"Sterna sandvicensis","","A191",6110,"sparselyVegetated","P","B","EU27"
"Sterna sandvicensis","","A191",6110,"coastal","P","W","EU27"
"Streptopelia decaocto","","A209",6840,"urban","P","B","EU27"
"Streptopelia senegalensis","","A766-X",6900,"urban","P","B","EU27"
"Streptopelia turtur","","A210",6870,"cropland","P","B","EU27"
"Strix aluco","","A219",7610,"woodlandForest","P","B","EU27"
"Strix nebulosa","","A457",7660,"woodlandForest","P","B","EU27"
"Strix uralensis","","A220",7650,"woodlandForest","P","B","EU27"
"Sturnus roseus","","A353",15840,"heathlandShrub","P","B","EU27"
"Sturnus unicolor","","A352",15830,"urban","P","B","EU27"
"Sturnus vulgaris","","A351",15820,"cropland","P","B","EU27"
"Sturnus vulgaris","","A351",15820,"cropland","P","W","EU27"
"Surnia ulula","","A456",7500,"woodlandForest","P","B","EU27"
"Sylvia atricapilla","","A311",12770,"woodlandForest","P","B","EU27"
"Sylvia borin","","A310",12760,"woodlandForest","P","B","EU27"
"Sylvia cantillans all others","","A770",12650,"heathlandShrub","P","B","EU27"
"Sylvia cantillans cantillans","","A648",12651,"heathlandShrub","P","B","EU27"
"Sylvia cantillans moltonii","","A647",12652,"heathlandShrub","P","B","EU27"
"Sylvia communis","","A309",12750,"grassland","P","B","EU27"
"Sylvia conspicillata","","A303",12640,"heathlandShrub","P","B","EU27"
"Sylvia curruca","","A308",12740,"cropland","P","B","EU27"
"Sylvia hortensis","","A306",12720,"cropland","P","B","EU27"
"Sylvia melanothorax","","A468",12680,"heathlandShrub","P","B","EU27"
"Sylvia nisoria","","A307",12730,"grassland","P","B","EU27"
"Sylvia sarda","","A301",12610,"heathlandShrub","P","B","EU27"
"Sylvia undata all others","","A769",12620,"heathlandShrub","P","B","EU27"
"Sylvia undata dartfordiensis","","A646",12620,"heathlandShrub","P","B","EU27"
"Sylvia undata undata","","A645",12620,"heathlandShrub","P","B","EU27"
"Syrmaticus reevesii","","A558-X",3930,"woodlandForest","P","B","EU27"
"Tachybaptus ruficollis ruficollis","Europe & North-west Africa","A690",70,"riversLakes","P","B","EU27"
"Tachybaptus ruficollis ruficollis","Europe & North-west Africa","A690",70,"riversLakes","P","W","EU27"
"Tachymarptis melba","","A228",7980,"sparselyVegetated","P","B","EU27"
"Tadorna ferruginea","North-west Africa","A397-A",1710,"wetlands","P","B","EU27"
"Tadorna ferruginea","East Mediterranean & Black Sea/North-east Africa","A397-B",1710,"riversLakes","P","B","EU27"
"Tadorna ferruginea","","A397-X",1710,"riversLakes","P","B","EU27"
"Tadorna ferruginea","East Mediterranean & Black Sea/North-east Africa","A397-B",1710,"riversLakes","P","W","EU27"
"Tadorna ferruginea","","A397-X",1710,"riversLakes","P","W","EU27"
"Tadorna tadorna","","A048",1730,"riversLakes","P","B","EU27"
"Tadorna tadorna","","A048",1730,"marineInlets","P","W","EU27"
"Tarsiger cyanurus","","A534",11130,"woodlandForest","P","B","EU27"
"Tetrao tetrix britannicus","","A410",3320,"heathlandShrub","P","B","EU27"
"Tetrao tetrix tetrix","","A409",3320,"heathlandShrub","P","B","EU27"
"Tetrao urogallus all others","","A659",3350,"woodlandForest","P","B","EU27"
"Tetrao urogallus aquitanicus","","A661",3350,"woodlandForest","P","B","EU27"
"Tetrao urogallus cantabricus","","A513",3350,"woodlandForest","P","B","EU27"
"Tetrax tetrax tetrax","Mediterranean (sedentary)","A725-A",4420,"cropland","P","B","EU27"
"Tetrax tetrax tetrax","Continental (migratory)","A725-B",4420,"grassland","P","B","EU27"
"Tetrax tetrax tetrax","Mediterranean (sedentary)","A725-A",4420,"grassland","P","W","EU27"
"Threskiornis aethiopicus","","A758-X",1420,"riversLakes","P","B","EU27"
"Tichodroma muraria","","A333",14820,"sparselyVegetated","P","B","EU27"
"Tringa erythropus","","A161",5450,"wetlands","P","B","EU27"
"Tringa erythropus","","A161",5450,"marineInlets","P","W","EU27"
"Tringa glareola","","A166",5540,"riversLakes","P","B","EU27"
"Tringa nebularia","","A164",5480,"riversLakes","P","B","EU27"
"Tringa nebularia","","A164",5480,"marineInlets","P","W","EU27"
"Tringa ochropus","","A165",5530,"woodlandForest","P","B","EU27"
"Tringa ochropus","","A165",5530,"riversLakes","P","W","EU27"
"Tringa stagnatilis","","A163",5470,"wetlands","P","B","EU27"
"Tringa totanus","","A162",5460,"grassland","P","B","EU27"
"Tringa totanus","","A162",5460,"marineInlets","P","W","EU27"
"Troglodytes troglodytes all others","","A676",10660,"woodlandForest","P","B","EU27"
"Troglodytes troglodytes fridariensis","","A434",10660,"woodlandForest","P","B","EU27"
"Turdus merula","","A283",11870,"urban","P","B","EU27"
"Turdus philomelos","","A285",12000,"woodlandForest","P","B","EU27"
"Turdus philomelos","","A285",12000,"woodlandForest","P","W","EU27"
"Turdus pilaris","","A284",11980,"woodlandForest","P","B","EU27"
"Turdus torquatus","","A282",11860,"sparselyVegetated","P","B","EU27"
"Turdus viscivorus","","A287",12020,"heathlandShrub","P","B","EU27"
"Turnix sylvaticus","","A717",4000,"heathlandShrub","P","B","EU27"
"Tyto alba","","A213",7350,"cropland","P","B","EU27"
"Upupa epops","","A232",8460,"cropland","P","B","EU27"
"Uria aalge aalge","","A678",6340,"sparselyVegetated","P","B","EU27"
"Uria aalge aalge","","A678",6340,"shelf","P","W","EU27"
"Uria aalge albionis","","A662",6340,"sparselyVegetated","P","B","EU27"
"Uria aalge albionis","","A662",6340,"ocean","P","W","EU27"
"Uria aalge ibericus","","A419",6340,"sparselyVegetated","P","B","EU27"
"Vanellus spinosus","Black Sea & Mediterranean (bre)","A728",4870,"sparselyVegetated","P","B","EU27"
"Vanellus spinosus","Black Sea & Mediterranean (bre)","A728",4870,"sparselyVegetated","P","W","EU27"
"Vanellus vanellus","Europe, W Asia/Europe, N Africa & SW Asia","A142",4930,"cropland","P","B","EU27"
"Vanellus vanellus","Europe, W Asia/Europe, N Africa & SW Asia","A142",4930,"cropland","P","W","EU27"
"Xenus cinereus","","A167",5550,"riversLakes","P","B","EU27"
"Accipiter brevipes","","A402",2730,"woodlandForest","P","B","EU27"
"Accipiter nisus nisus","","A633",2690,"woodlandForest","P","B","EU27"
"Acrocephalus arundinaceus","","A298",12530,"wetlands","P","B","EU27"
"Acrocephalus dumetorum","","A679",12480,"woodlandForest","P","B","EU27"
"Acrocephalus melanopogon","","A293",12410,"wetlands","P","W","EU27"
"Acrocephalus melanopogon","","A293",12410,"wetlands","P","B","EU27"
"Acrocephalus paludicola","","A294",12420,"wetlands","P","B","EU27"
"Acrocephalus palustris","","A296",12500,"wetlands","P","B","EU27"
"Acrocephalus schoenobaenus","","A295",12430,"wetlands","P","B","EU27"
"Acrocephalus scirpaceus","","A297",12510,"wetlands","P","B","EU27"
"Actitis hypoleucos","","A168",5560,"sparselyVegetated","P","B","EU27"
"Actitis hypoleucos","","A168",5560,"sparselyVegetated","P","W","EU27"
"Aegithalos caudatus","","A324",14370,"woodlandForest","P","B","EU27"
"Aegypius monachus","","A079",2550,"woodlandForest","P","B","EU27"
"Alauda arvensis","","A247",9760,"grassland","P","B","EU27"
"Alauda arvensis","","A247",9760,"grassland","P","W","EU27"
"Alca torda","","A200",6360,"shelf","P","W","EU27"
"Alectoris barbara","","A111",3590,"sparselyVegetated","P","B","EU27"
"Alectoris chukar","","A411",3550,"sparselyVegetated","P","B","EU27"
"Alectoris chukar","","A411-X",3550,"sparselyVegetated","P","B","EU27"
"Alectoris graeca graeca","","A465",3570,"sparselyVegetated","P","B","EU27"
"Alectoris graeca saxatilis","","A412",3570,"sparselyVegetated","P","B","EU27"
"Alectoris graeca whitakeri","","A413",3570,"sparselyVegetated","P","B","EU27"
"Alectoris rufa","","A110",3580,"sparselyVegetated","P","B","EU27"
"Anas acuta","","A054",1890,"wetlands","P","B","EU27"
"Anas acuta","","A054",1890,"riversLakes","P","W","EU27"
"Anas clypeata","","A056",1940,"wetlands","P","B","EU27"
"Anas crecca crecca","","A704",1840,"wetlands","P","B","EU27"
"Anas penelope","","A050",1790,"wetlands","P","B","EU27"
"Anas penelope","","A050",1790,"riversLakes","P","W","EU27"
"Anas platyrhynchos platyrhynchos","","A705",1860,"wetlands","P","B","EU27"
"Anas querquedula","Western Siberia & Europe/West Africa","A055",1910,"wetlands","P","B","EU27"
"Anas strepera strepera","","A703",1820,"wetlands","P","B","EU27"
"Anser albifrons albifrons","","A394",1591,"grassland","P","W","EU27"
"Anser albifrons flavirostris","Greenland/Ireland & UK","A395",1592,"grassland","P","W","EU27"
"Anser anser","","A043",1610,"wetlands","P","B","EU27"
"Anser anser","","A043",1610,"grassland","P","W","EU27"
"Anser anser","","A043-X",1610,"wetlands","P","B","EU27"
"Anser brachyrhynchus","","A040",1580,"grassland","P","W","EU27"
"Anser erythropus","","A042",1600,"riversLakes","P","B","EU27"
"Anser erythropus","","A042",1600,"grassland","P","W","EU27"
"Anser fabalis fabalis","North-east Europe/North-west Europe","A701",1571,"wetlands","P","B","EU27"
"Anser fabalis fabalis","North-east Europe/North-west Europe","A701",1571,"grassland","P","W","EU27"
"Anser fabalis rossicus","West & Central Siberia/NE & SW Europe","A702",1574,"riversLakes","P","W","EU27"
"Anthus berthelotii","","A432",10060,"sparselyVegetated","P","B","EU27"
"Anthus campestris","","A255",10050,"sparselyVegetated","P","B","EU27"
"Anthus cervinus","","A258",10120,"wetlands","P","B","EU27"
"Anthus pratensis","","A257",10110,"wetlands","P","B","EU27"
"Anthus pratensis","","A257",10110,"wetlands","P","W","EU27"
"Anthus spinoletta","","A259",10140,"sparselyVegetated","P","B","EU27"
"Anthus spinoletta","","A259",10140,"sparselyVegetated","P","W","EU27"
"Anthus trivialis","","A256",10090,"woodlandForest","P","B","EU27"
"Apus affinis","","A677",8000,"urban","P","B","EU27"
"Apus apus","","A226",7950,"woodlandForest","P","B","EU27"
"Apus caffer","","A424",7990,"urban","P","B","EU27"
"Apus pallidus","","A227",7960,"urban","P","B","EU27"
"Aquila clanga","","A090",2930,"woodlandForest","P","B","EU27"
"Aquila clanga","","A090",2930,"woodlandForest","P","W","EU27"
"Aquila fasciatus","","A707",2990,"woodlandForest","P","B","EU27"
"Aquila heliaca","","A404",2950,"woodlandForest","P","B","EU27"
"Aquila heliaca","","A404",2950,"woodlandForest","P","W","EU27"
"Aquila pomarina","","A089",2920,"woodlandForest","P","B","EU27"
"Ardea cinerea cinerea","","A699",1220,"woodlandForest","P","B","EU27"
"Ardea purpurea purpurea","West Europe & West Mediterranean/West Africa","A634-A",1240,"wetlands","P","B","EU27"
"Ardea purpurea purpurea","East Europe, Black Sea & Mediterranean/Sub-Saharan Africa","A634-B",1240,"wetlands","P","B","EU27"
"Ardeola ralloides ralloides","","A635",1080,"wetlands","P","B","EU27"
"Arenaria interpres","","A169",5610,"sparselyVegetated","P","W","EU27"
"Asio flammeus","","A222",7680,"heathlandShrub","P","B","EU27"
"Asio flammeus","","A222",7680,"wetlands","P","W","EU27"
"Asio otus","","A221",7670,"woodlandForest","P","B","EU27"
"Athene noctua","","A218",7570,"woodlandForest","P","B","EU27"
"Aythya ferina","","A059",1980,"wetlands","P","B","EU27"
"Aythya fuligula","","A061",2030,"wetlands","P","B","EU27"
"Aythya fuligula","","A061",2030,"marineInlets","P","W","EU27"
"Aythya marila","","A062",2040,"sparselyVegetated","P","B","EU27"
"Aythya marila","","A062",2040,"marineInlets","P","W","EU27"
"Aythya nyroca","West Mediterranean/North & West Africa","A060-A",2020,"wetlands","P","B","EU27"
"Aythya nyroca","Eastern Europe/E Mediterranean & Sahelian Africa","A060-B",2020,"wetlands","P","B","EU27"
"Botaurus stellaris stellaris","W Europe, NW Africa (bre)","A688-A",950,"wetlands","P","B","EU27"
"Botaurus stellaris stellaris","C & E Europe, Black Sea & E Mediterranean (bre)","A688-B",950,"wetlands","P","B","EU27"
"Branta bernicla bernicla","Western Siberia/Western Europe","A675",1681,"marineInlets","P","W","EU27"
"Branta canadensis","","A044-X",1660,"wetlands","P","B","EU27"
"Branta leucopsis","Russia/Germany & Netherlands","A045-C",1670,"sparselyVegetated","P","B","EU27"
"Branta leucopsis","Russia/Germany & Netherlands","A045-C",1670,"grassland","P","W","EU27"
"Branta leucopsis","","A045-X",1670,"sparselyVegetated","P","B","EU27"
"Branta ruficollis","Northern Siberia/Black Sea & Caspian","A396",1690,"riversLakes","P","W","EU27"
"Bubo bubo","","A215",7440,"woodlandForest","P","B","EU27"
"Bubo bubo","","A215-X",7440,"woodlandForest","P","B","EU27"
"Bubo scandiaca","","A736",7490,"sparselyVegetated","P","B","EU27"
"Bubulcus ibis ibis","","A696",1110,"riversLakes","P","B","EU27"
"Bubulcus ibis ibis","","A696",1110,"riversLakes","P","W","EU27"
"Bucanetes githagineus","","A452",16760,"sparselyVegetated","P","B","EU27"
"Bucephala clangula","","A067",2180,"woodlandForest","P","B","EU27"
"Bucephala clangula","","A067",2180,"marineInlets","P","W","EU27"
"Burhinus oedicnemus","","A133",4590,"sparselyVegetated","P","B","EU27"
"Burhinus oedicnemus","","A133",4590,"sparselyVegetated","P","W","EU27"
"Buteo buteo","","A087",2870,"woodlandForest","P","B","EU27"
"Buteo lagopus","","A088",2900,"sparselyVegetated","P","B","EU27"
"Buteo lagopus","","A088",2900,"sparselyVegetated","P","W","EU27"
"Buteo rufinus","","A403",2880,"sparselyVegetated","P","B","EU27"
"Calandrella brachydactyla","","A243",9680,"heathlandShrub","P","B","EU27"
"Calandrella rufescens","","A431",9700,"sparselyVegetated","P","B","EU27"
"Calcarius lapponicus","","A374",18470,"wetlands","P","B","EU27"
"Calidris alba","","A144",4970,"sparselyVegetated","P","W","EU27"
"Calidris alpina schinzii","Britain & Ireland/SW Europe & NW Africa","A466-A",5123,"wetlands","P","B","EU27"
"Calidris alpina schinzii","Baltic/SW Europe & NW Africa","A466-B",5123,"sparselyVegetated","P","B","EU27"
"Calidris canutus","","A143",4960,"sparselyVegetated","P","W","EU27"
"Calidris maritima maritima","N Europe & W Siberia (bre)","A670-A",5100,"wetlands","P","B","EU27"
"Calidris maritima maritima","N Europe & W Siberia (bre)","A670-A",5100,"sparselyVegetated","P","W","EU27"
"Calidris minuta","","A145",5010,"marineInlets","P","B","EU27"
"Calidris temminckii","","A146",5020,"riversLakes","P","B","EU27"
"Caprimulgus europaeus","","A224",7780,"woodlandForest","P","B","EU27"
"Caprimulgus ruficollis","","A225",7790,"woodlandForest","P","B","EU27"
"Carduelis cabaret","","A681",16634,"woodlandForest","P","B","EU27"
"Carduelis cabaret","","A681",16634,"woodlandForest","P","W","EU27"
"Carduelis cannabina","","A366",16600,"grassland","P","B","EU27"
"Carduelis cannabina","","A366",16600,"grassland","P","W","EU27"
"Carduelis carduelis","","A364",16530,"woodlandForest","P","B","EU27"
"Carduelis carduelis","","A364",16530,"woodlandForest","P","W","EU27"
"Carduelis chloris","","A745",16490,"woodlandForest","P","B","EU27"
"Carduelis citrinella","","A623",16441,"woodlandForest","P","B","EU27"
"Carduelis flammea","","A368",16630,"woodlandForest","P","B","EU27"
"Carduelis flavirostris","","A367",16620,"sparselyVegetated","P","B","EU27"
"Carpodacus erythrinus","","A371",16790,"riversLakes","P","B","EU27"
"Casmerodius albus albus","W, C & SE Europe/Black Sea & Mediterranean","A698",1210,"wetlands","P","B","EU27"
"Casmerodius albus albus","W, C & SE Europe/Black Sea & Mediterranean","A698",1210,"wetlands","P","W","EU27"
"Catharacta skua","","A175",5690,"shelf","P","W","EU27"
"Cepphus grylle","","A202",6380,"shelf","P","W","EU27"
"Cettia cetti","","A288",12200,"wetlands","P","B","EU27"
"Charadrius alexandrinus alexandrinus","Black Sea & East Mediterranean/Eastern Sahel","A682-B",4770,"wetlands","P","B","EU27"
"Charadrius alexandrinus alexandrinus","Black Sea & East Mediterranean/Eastern Sahel","A682-B",4770,"wetlands","P","W","EU27"
"Charadrius hiaticula","","A137",4700,"wetlands","P","B","EU27"
"Charadrius hiaticula","","A137",4700,"wetlands","P","W","EU27"
"Chersophilus duponti","","A430",9590,"sparselyVegetated","P","B","EU27"
"Chlamydotis undulata","","A416",4440,"sparselyVegetated","P","B","EU27"
"Chlidonias hybrida","","A734",6260,"wetlands","P","B","EU27"
"Chlidonias leucopterus","","A198",6280,"wetlands","P","B","EU27"
"Chlidonias niger","","A197",6270,"wetlands","P","B","EU27"
"Ciconia ciconia ciconia","Central & Eastern Europe/Sub-Saharan Africa","A667-B",1340,"urban","P","B","EU27"
"Ciconia nigra","South-west Europe/West Africa","A030-A",1310,"woodlandForest","P","B","EU27"
"Ciconia nigra","Central & Eastern Europe/Sub-Saharan Africa","A030-B",1310,"woodlandForest","P","B","EU27"
"Circaetus gallicus","","A080",2560,"heathlandShrub","P","B","EU27"
"Circus aeruginosus","","A081",2600,"wetlands","P","B","EU27"
"Circus aeruginosus","","A081",2600,"wetlands","P","W","EU27"
"Circus cyaneus","","A082",2610,"heathlandShrub","P","W","EU27"
"Circus macrourus","","A083",2620,"grassland","P","B","EU27"
"Circus pygargus","","A084",2630,"grassland","P","B","EU27"
"Cisticola juncidis","","A289",12260,"grassland","P","B","EU27"
"Clangula hyemalis","Western Siberia/North Europe","A064",2120,"shelf","P","W","EU27"
"Coccothraustes coccothraustes","","A373",17170,"woodlandForest","P","B","EU27"
"Columba bollii","","A422",6720,"woodlandForest","P","B","EU27"
"Columba junoniae","","A423",6730,"woodlandForest","P","B","EU27"
"Columba livia","livia and domestica","A206",6650,"urban","P","B","EU27"
"Columba oenas","","A207",6680,"woodlandForest","P","B","EU27"
"Columba palumbus azorica","","A421",6700,"woodlandForest","P","B","EU27"
"Columba palumbus palumbus","","A687",6700,"woodlandForest","P","B","EU27"
"Columba trocaz","","A455",6710,"woodlandForest","P","B","EU27"
"Coracias garrulus","","A231",8410,"heathlandShrub","P","B","EU27"
"Corvus corax","","A350",15720,"woodlandForest","P","B","EU27"
"Corvus corone cornix","","A742",15673,"woodlandForest","P","B","EU27"
"Corvus corone corone","","A743",15671,"woodlandForest","P","B","EU27"
"Corvus frugilegus","","A348",15630,"urban","P","B","EU27"
"Corvus monedula","","A347",15600,"urban","P","B","EU27"
"Coturnix coturnix","","A113",3700,"grassland","P","B","EU27"
"Crex crex","Europe & Western Asia/Sub-Saharan Africa","A122",4210,"grassland","P","B","EU27"
"Cuculus canorus","","A212",7240,"wetlands","P","B","EU27"
"Cygnus columbianus bewickii","Western Siberia & NE Europe/North-west Europe","A037",1532,"cropland","P","W","EU27"
"Cygnus cygnus","North-west Mainland Europe","A038-A",1540,"grassland","P","W","EU27"
"Cygnus cygnus","Iceland/UK & Ireland","A038-B",1540,"grassland","P","W","EU27"
"Cygnus cygnus","N Europe & W Siberia/Black Sea & E Mediterranean","A038-C",1540,"cropland","P","W","EU27"
"Cygnus olor","","A036",1520,"wetlands","P","B","EU27"
"Delichon urbicum","","A738",10010,"urban","P","B","EU27"
"Dendrocopos major all others","","A658",8760,"woodlandForest","P","B","EU27"
"Dendrocopos syriacus","","A429",8780,"woodlandForest","P","B","EU27"
"Egretta garzetta garzetta","","A697",1190,"wetlands","P","B","EU27"
"Egretta garzetta garzetta","","A697",1190,"wetlands","P","W","EU27"
"Elanus caeruleus","","A399",2350,"sparselyVegetated","P","B","EU27"
"Emberiza cia","","A378",18600,"sparselyVegetated","P","B","EU27"
"Emberiza cirlus","","A377",18580,"heathlandShrub","P","B","EU27"
"Emberiza citrinella","","A376",18570,"woodlandForest","P","B","EU27"
"Emberiza hortulana","","A379",18660,"grassland","P","B","EU27"
"Emberiza melanocephala","","A382",18810,"sparselyVegetated","P","B","EU27"
"Emberiza pusilla","","A380",18740,"woodlandForest","P","B","EU27"
"Emberiza rustica","","A542",18730,"woodlandForest","P","B","EU27"
"Emberiza schoeniclus","","A381",18770,"wetlands","P","B","EU27"
"Eremophila alpestris","","A248",9780,"sparselyVegetated","P","B","EU27"
"Erithacus rubecula","","A269",10990,"woodlandForest","P","B","EU27"
"Eudromias morinellus","Europe/North-west Africa","A727",4820,"sparselyVegetated","P","B","EU27"
"Eudromias morinellus","Europe/North-west Africa","A727",4820,"sparselyVegetated","P","W","EU27"
"Falco biarmicus","","A101",3140,"sparselyVegetated","P","B","EU27"
"Falco cherrug","","A511",3160,"sparselyVegetated","P","B","EU27"
"Falco columbarius","","A098",3090,"sparselyVegetated","P","B","EU27"
"Falco columbarius","","A098",3090,"grassland","P","W","EU27"
"Falco naumanni","","A095",3030,"sparselyVegetated","P","B","EU27"
"Falco peregrinus all others","","A710",3200,"wetlands","P","B","EU27"
"Falco peregrinus peregrinus","","A708",3201,"sparselyVegetated","P","B","EU27"
"Falco peregrinus peregrinus","","A708",3201,"wetlands","P","W","EU27"
"Falco rusticolus","","A102",3180,"sparselyVegetated","P","B","EU27"
"Falco subbuteo","","A099",3100,"woodlandForest","P","B","EU27"
"Falco tinnunculus","","A096",3040,"grassland","P","B","EU27"
"Falco vespertinus","","A097",3070,"woodlandForest","P","B","EU27"
"Ficedula albicollis","","A321",13480,"woodlandForest","P","B","EU27"
"Ficedula hypoleuca","","A322",13490,"woodlandForest","P","B","EU27"
"Fringilla coelebs all others","","A657",16360,"woodlandForest","P","B","EU27"
"Fringilla coelebs all others","","A657",16360,"woodlandForest","P","W","EU27"
"Fringilla montifringilla","","A360",16380,"woodlandForest","P","W","EU27"
"Fulica atra atra","","A723",4290,"wetlands","P","B","EU27"
"Fulica atra atra","","A723",4290,"marineInlets","P","W","EU27"
"Fulica cristata","Spain & Morocco","A126",4310,"wetlands","P","B","EU27"
"Fulica cristata","Spain & Morocco","A126",4310,"wetlands","P","W","EU27"
"Galerida cristata","","A244",9720,"urban","P","B","EU27"
"Galerida theklae","","A245",9730,"sparselyVegetated","P","B","EU27"
"Galerida theklae","","A245",9730,"sparselyVegetated","P","W","EU27"
"Gallinago gallinago","","A153",5190,"wetlands","P","B","EU27"
"Gallinago gallinago","","A153",5190,"wetlands","P","W","EU27"
"Gallinula chloropus chloropus","Europe & North Africa","A721",4240,"wetlands","P","B","EU27"
"Gallinula chloropus chloropus","Europe & North Africa","A721",4240,"wetlands","P","W","EU27"
"Gavia arctica arctica","Northern Europe & Western Siberia/Europe","A689",30,"shelf","P","W","EU27"
"Gavia stellata","North-west Europe (win)","A001-A",20,"wetlands","P","B","EU27"
"Gavia stellata","North-west Europe (win)","A001-A",20,"shelf","P","W","EU27"
"Gavia stellata","Caspian, Black Sea & East Mediterranean (win)","A001-B",20,"shelf","P","W","EU27"
"Glareola nordmanni","SE Europe & Western Asia/Southern Africa","A515",4670,"wetlands","P","B","EU27"
"Glareola pratincola pratincola","Western Europe & NW Africa/West Africa","A625-A",4650,"wetlands","P","B","EU27"
"Glareola pratincola pratincola","Black Sea & E Mediterranean/Eastern Sahel zone","A625-B",4650,"riversLakes","P","B","EU27"
"Grus grus grus","Eastern Europe/Turkey, Middle East & NE Africa","A639-A",4330,"wetlands","P","B","EU27"
"Grus grus grus","other populations","A639-B",4330,"wetlands","P","B","EU27"
"Haematopus ostralegus","","A130",4500,"sparselyVegetated","P","B","EU27"
"Hieraaetus pennatus","","A092",2980,"woodlandForest","P","B","EU27"
"Hieraaetus pennatus","","A092",2980,"woodlandForest","P","W","EU27"
"Himantopus himantopus","","A131",4550,"wetlands","P","B","EU27"
"Himantopus himantopus","","A131",4550,"wetlands","P","W","EU27"
"Hippolais olivetorum","","A439",12580,"woodlandForest","P","B","EU27"
"Hippolais pallida","","A740",12550,"heathlandShrub","P","B","EU27"
"Hippolais polyglotta","","A300",12600,"woodlandForest","P","B","EU27"
"Hirundo daurica","","A252",9950,"urban","P","B","EU27"
"Hirundo rustica","","A251",9920,"cropland","P","B","EU27"
"Ixobrychus minutus minutus","W Europe, NW Africa/Sub-Saharan Africa","A617-A",980,"wetlands","P","B","EU27"
"Ixobrychus minutus minutus","C & E Europe, Black Sea & E Mediterranean/Sub-Saharan Africa","A617-B",980,"wetlands","P","B","EU27"
"Jynx torquilla","","A233",8480,"woodlandForest","P","B","EU27"
"Lagopus lagopus lagopus","","A461",3291,"heathlandShrub","P","B","EU27"
"Lagopus lagopus rossica","","A629",3290,"woodlandForest","P","B","EU27"
"Lagopus muta muta","","A715",3330,"sparselyVegetated","P","B","EU27"
"Lagopus muta pyrenaica","","A712",3330,"sparselyVegetated","P","B","EU27"
"Lanius collurio","","A338",15150,"woodlandForest","P","B","EU27"
"Lanius excubitor excubitor","","A653",15201,"sparselyVegetated","P","B","EU27"
"Lanius excubitor excubitor","","A653",15201,"sparselyVegetated","P","W","EU27"
"Lanius senator","","A341",15230,"heathlandShrub","P","B","EU27"
"Larus argentatus","","A184",5920,"sparselyVegetated","P","B","EU27"
"Larus canus","","A182",5900,"wetlands","P","B","EU27"
"Larus fuscus fuscus","NE Europe/Black Sea, SW Asia & Eastern Africa","A640",5911,"sparselyVegetated","P","B","EU27"
"Larus fuscus graellsii","Western Europe/Mediterranean & West Africa","A664",5912,"marineInlets","P","W","EU27"
"Larus genei","","A180",5850,"sparselyVegetated","P","B","EU27"
"Larus melanocephalus","","A176",5750,"wetlands","P","B","EU27"
"Larus melanocephalus","","A176",5750,"marineInlets","P","W","EU27"
"Larus michahellis","","A604",5926,"sparselyVegetated","P","B","EU27"
"Larus michahellis","","A604",5926,"marineInlets","P","W","EU27"
"Larus minutus","","A177",5780,"sparselyVegetated","P","B","EU27"
"Larus minutus","","A177",5780,"shelf","P","W","EU27"
"Larus ridibundus","","A179",5820,"sparselyVegetated","P","B","EU27"
"Larus ridibundus","","A179",5820,"marineInlets","P","W","EU27"
"Limosa lapponica","","A157",5340,"wetlands","P","B","EU27"
"Limosa lapponica","","A157",5340,"sparselyVegetated","P","W","EU27"
"Limosa limosa islandica","Iceland/Western Europe","A616",5322,"sparselyVegetated","P","W","EU27"
"Limosa limosa islandica","Iceland/Western Europe","A616",5322,"sparselyVegetated","P","B","EU27"
"Limosa limosa limosa","Western Europe/NW & West Africa","A614-A",5321,"riversLakes","P","B","EU27"
"Limosa limosa limosa","Eastern Europe/Central & Eastern Africa","A614-B",5321,"wetlands","P","B","EU27"
"Limosa limosa limosa","Eastern Europe/Central & Eastern Africa","A614-B",5321,"riversLakes","P","W","EU27"
"Locustella fluviatilis","","A291",12370,"wetlands","P","B","EU27"
"Locustella luscinioides","","A292",12380,"wetlands","P","B","EU27"
"Locustella naevia","","A290",12360,"wetlands","P","B","EU27"
"Lullula arborea","","A246",9740,"sparselyVegetated","P","B","EU27"
"Luscinia luscinia","","A270",11030,"wetlands","P","B","EU27"
"Luscinia megarhynchos","","A271",11040,"wetlands","P","B","EU27"
"Luscinia svecica cyanecula","","A612",11062,"wetlands","P","B","EU27"
"Luscinia svecica cyanecula","","A612",11062,"wetlands","P","W","EU27"
"Luscinia svecica svecica","","A609",11061,"wetlands","P","B","EU27"
"Lymnocryptes minimus","Northern Europe/S & W Europe & West Africa","A152",5180,"wetlands","P","W","EU27"
"Melanitta fusca fusca","Black Sea & Caspian","A685-A",2151,"shelf","P","W","EU27"
"Melanitta fusca fusca","Western Siberia & Northern Europe/NW Europe","A685-B",2151,"sparselyVegetated","P","B","EU27"
"Melanitta fusca fusca","Western Siberia & Northern Europe/NW Europe","A685-B",2151,"shelf","P","W","EU27"
"Melanitta nigra nigra","W Siberia & N Europe/W Europe & NW Africa","A706",2130,"shelf","P","W","EU27"
"Melanocorypha calandra","","A242",9610,"heathlandShrub","P","B","EU27"
"Mergellus albellus","North-east Europe/Black Sea & East Mediterranean","A767-A",2200,"riversLakes","P","W","EU27"
"Mergellus albellus","North-west & Central Europe (win)","A767-B",2200,"riversLakes","P","W","EU27"
"Mergus merganser merganser","other populations","A654-B",2230,"sparselyVegetated","P","B","EU27"
"Mergus serrator","","A069",2210,"sparselyVegetated","P","B","EU27"
"Mergus serrator","","A069",2210,"riversLakes","P","W","EU27"
"Merops apiaster","","A230",8400,"riversLakes","P","B","EU27"
"Miliaria calandra","","A746",18820,"heathlandShrub","P","B","EU27"
"Milvus migrans","","A073",2380,"riversLakes","P","B","EU27"
"Milvus milvus","","A074",2390,"woodlandForest","P","B","EU27"
"Milvus milvus","","A074",2390,"woodlandForest","P","W","EU27"
"Monticola saxatilis","","A280",11620,"sparselyVegetated","P","B","EU27"
"Morus bassanus","","A016",710,"shelf","P","W","EU27"
"Motacilla alba","","A262",10200,"urban","P","B","EU27"
"Motacilla alba","","A262",10200,"urban","P","W","EU27"
"Muscicapa striata","","A319",13350,"woodlandForest","P","B","EU27"
"Netta rufina","South-west & Central Europe/West Mediterranean","A058-A",1960,"wetlands","P","B","EU27"
"Netta rufina","Black Sea & East Mediterranean","A058-B",1960,"wetlands","P","B","EU27"
"Netta rufina","","A058-X",1960,"wetlands","P","B","EU27"
"Netta rufina","South-west & Central Europe/West Mediterranean","A058-A",1960,"wetlands","P","W","EU27"
"Numenius arquata arquata","Europe/Europe, North & West Africa","A768",5410,"wetlands","P","B","EU27"
"Numenius arquata arquata","Europe/Europe, North & West Africa","A768",5410,"wetlands","P","W","EU27"
"Numenius phaeopus","","A158",5380,"wetlands","P","W","EU27"
"Numenius tenuirostris","Central Siberia/Mediterranean & SW Asia","A159",5400,"wetlands","P","W","EU27"
"Nycticorax nycticorax nycticorax","C & E Europe/Black Sea & E Mediterranean (bre)","A610-A",1040,"wetlands","P","B","EU27"
"Nycticorax nycticorax nycticorax","W Europe, NW Africa (bre)","A610-B",1040,"wetlands","P","B","EU27"
"Oenanthe cypriaca","","A467",11470,"sparselyVegetated","P","B","EU27"
"Oenanthe hispanica","","A278",11480,"sparselyVegetated","P","B","EU27"
"Oenanthe isabellina","","A435",11440,"sparselyVegetated","P","B","EU27"
"Oenanthe oenanthe","","A277",11460,"sparselyVegetated","P","B","EU27"
"Otis tarda","","A129",4460,"grassland","P","B","EU27"
"Otis tarda","","A129",4460,"grassland","P","W","EU27"
"Otus scops","","A214",7390,"woodlandForest","P","B","EU27"
"Pandion haliaetus","","A094",3010,"woodlandForest","P","B","EU27"
"Pandion haliaetus","","A094",3010,"woodlandForest","P","W","EU27"
"Panurus biarmicus","","A323",13640,"wetlands","P","B","EU27"
"Parus caeruleus","","A329",14620,"woodlandForest","P","B","EU27"
"Parus major","","A330",14640,"woodlandForest","P","B","EU27"
"Passer domesticus","","A620",15911,"urban","P","B","EU27"
"Passer hispaniolensis all others","","A771",15920,"grassland","P","B","EU27"
"Passer hispaniolensis italiae","","A744",15912,"urban","P","B","EU27"
"Passer montanus","","A356",15980,"urban","P","B","EU27"
"Pelecanus crispus","Black Sea & Mediterranean (win)","A020",890,"wetlands","P","B","EU27"
"Pelecanus onocrotalus","Europe & Western Asia (bre)","A019",880,"wetlands","P","B","EU27"
"Pelecanus onocrotalus","Europe & Western Asia (bre)","A019",880,"wetlands","P","W","EU27"
"Perdix perdix all others","","A644",3670,"grassland","P","B","EU27"
"Perdix perdix hispaniensis","","A415",3670,"sparselyVegetated","P","B","EU27"
"Phalacrocorax aristotelis aristotelis","","A684",801,"marineInlets","P","W","EU27"
"Phalacrocorax aristotelis desmarestii","","A392",802,"sparselyVegetated","P","B","EU27"
"Phalacrocorax aristotelis desmarestii","","A392",802,"marineInlets","P","W","EU27"
"Phalacrocorax carbo carbo","North-west Europe","A683",721,"riversLakes","P","W","EU27"
"Phalacrocorax carbo carbo","North-west Europe","A683",721,"riversLakes","P","B","EU27"
"Phalacrocorax carbo sinensis","","A391",722,"sparselyVegetated","P","B","EU27"
"Phalacrocorax carbo sinensis","","A391",722,"marineInlets","P","W","EU27"
"Phalacrocorax pygmeus","Black Sea & Mediterranean","A393",820,"wetlands","P","B","EU27"
"Phalaropus lobatus","","A170",5640,"wetlands","P","B","EU27"
"Phasianus colchicus","","A115-X",3940,"grassland","P","B","EU27"
"Philomachus pugnax","","A151",5170,"wetlands","P","B","EU27"
"Philomachus pugnax","","A151",5170,"wetlands","P","W","EU27"
"Phoenicurus ochruros","","A273",11210,"sparselyVegetated","P","B","EU27"
"Phoenicurus ochruros","","A273",11210,"sparselyVegetated","P","W","EU27"
"Phylloscopus collybita","","A315",13110,"woodlandForest","P","B","EU27"
"Phylloscopus collybita","","A315",13110,"woodlandForest","P","W","EU27"
"Phylloscopus trochilus","","A316",13120,"woodlandForest","P","B","EU27"
"Picus viridis","","A235",8560,"woodlandForest","P","B","EU27"
"Platalea leucorodia leucorodia","West Europe/West Mediterranean & West Africa","A607-A",1440,"wetlands","P","B","EU27"
"Platalea leucorodia leucorodia","Cent. & SE Europe/Mediterranean & Tropical Africa","A607-B",1440,"wetlands","P","B","EU27"
"Platalea leucorodia leucorodia","West Europe/West Mediterranean & West Africa","A607-A",1440,"wetlands","P","W","EU27"
"Platalea leucorodia leucorodia","Cent. & SE Europe/Mediterranean & Tropical Africa","A607-B",1440,"wetlands","P","W","EU27"
"Plegadis falcinellus falcinellus","Black Sea & Mediterranean/West Africa","A700",1360,"wetlands","P","B","EU27"
"Pluvialis apricaria","","A140",4851,"wetlands","P","B","EU27"
"Pluvialis apricaria","","A140",4851,"grassland","P","W","EU27"
"Podiceps auritus auritus","North-west Europe (large-billed)","A642-A",110,"wetlands","P","B","EU27"
"Podiceps auritus auritus","North-east Europe (small-billed)","A642-B",110,"riversLakes","P","W","EU27"
"Podiceps auritus auritus","North-east Europe (small-billed)","A642-B",110,"riversLakes","P","B","EU27"
"Podiceps cristatus cristatus","","A691",90,"wetlands","P","B","EU27"
"Podiceps cristatus cristatus","","A691",90,"marineInlets","P","W","EU27"
"Podiceps grisegena grisegena","North-west Europe (win)","A665-A",100,"wetlands","P","B","EU27"
"Podiceps grisegena grisegena","Black Sea & Mediterranean (win)","A665-B",100,"wetlands","P","B","EU27"
"Podiceps grisegena grisegena","Black Sea & Mediterranean (win)","A665-B",100,"marineInlets","P","W","EU27"
"Podiceps nigricollis nigricollis","Europe/South & West Europe & North Africa","A692",120,"wetlands","P","B","EU27"
"Podiceps nigricollis nigricollis","Europe/South & West Europe & North Africa","A692",120,"marineInlets","P","W","EU27"
"Porphyrio porphyrio porphyrio","","A722",4270,"wetlands","P","B","EU27"
"Porzana parva parva","Western Eurasia/Africa","A719",4100,"wetlands","P","B","EU27"
"Porzana porzana","Europe/Africa","A119",4080,"wetlands","P","B","EU27"
"Porzana pusilla intermedia","Europe (bre)","A720",4110,"wetlands","P","B","EU27"
"Prunella modularis","","A266",10840,"urban","P","B","EU27"
"Prunella modularis","","A266",10840,"urban","P","W","EU27"
"Pterocles alchata","","A205",6620,"sparselyVegetated","P","B","EU27"
"Pterocles orientalis","","A420",6610,"sparselyVegetated","P","B","EU27"
"Puffinus mauretanicus","","A693",463,"shelf","P","W","EU27"
"Rallus aquaticus aquaticus","Europe & North Africa","A718",4070,"wetlands","P","B","EU27"
"Rallus aquaticus aquaticus","Europe & North Africa","A718",4070,"wetlands","P","W","EU27"
"Recurvirostra avosetta","Western Europe & North-west Africa (bre)","A132-A",4560,"wetlands","P","B","EU27"
"Recurvirostra avosetta","South-east Europe, Black Sea & Turkey (bre)","A132-B",4560,"wetlands","P","B","EU27"
"Remiz pendulinus","","A336",14900,"wetlands","P","B","EU27"
"Rissa tridactyla","","A188",6020,"shelf","P","W","EU27"
"Saxicola rubetra","","A275",11370,"grassland","P","B","EU27"
"Saxicola torquatus","","A276",11390,"sparselyVegetated","P","B","EU27"
"Saxicola torquatus","","A276",11390,"sparselyVegetated","P","W","EU27"
"Serinus serinus","","A361",16400,"woodlandForest","P","B","EU27"
"Stercorarius longicaudus","","A174",5680,"sparselyVegetated","P","B","EU27"
"Sterna albifrons albifrons","Europe north of Mediterranean (bre)","A631-A",6240,"sparselyVegetated","P","B","EU27"
"Sterna albifrons albifrons","Black Sea & East Mediterranean (bre)","A631-B",6240,"sparselyVegetated","P","B","EU27"
"Sterna caspia caspia","","A732",6060,"marineInlets","P","W","EU27"
"Sterna hirundo","","A193",6150,"wetlands","P","B","EU27"
"Sterna nilotica nilotica","Western Europe/West Africa","A731-A",6050,"wetlands","P","B","EU27"
"Sterna nilotica nilotica","Black Sea & East Mediterranean/Eastern Africa","A731-B",6050,"wetlands","P","B","EU27"
"Sterna paradisaea","","A194",6160,"sparselyVegetated","P","B","EU27"
"Streptopelia turtur","","A210",6870,"woodlandForest","P","B","EU27"
"Sturnus roseus","","A353",15840,"sparselyVegetated","P","B","EU27"
"Sturnus vulgaris","","A351",15820,"urban","P","B","EU27"
"Sturnus vulgaris","","A351",15820,"urban","P","W","EU27"
"Sylvia cantillans cantillans","","A648",12651,"sparselyVegetated","P","B","EU27"
"Sylvia cantillans moltonii","","A647",12652,"sparselyVegetated","P","B","EU27"
"Sylvia communis","","A309",12750,"heathlandShrub","P","B","EU27"
"Sylvia conspicillata","","A303",12640,"grassland","P","B","EU27"
"Sylvia curruca","","A308",12740,"woodlandForest","P","B","EU27"
"Sylvia hortensis","","A306",12720,"woodlandForest","P","B","EU27"
"Sylvia melanocephala","","A305",12670,"woodlandForest","P","B","EU27"
"Sylvia melanothorax","","A468",12680,"sparselyVegetated","P","B","EU27"
"Sylvia nisoria","","A307",12730,"woodlandForest","P","B","EU27"
"Sylvia sarda","","A301",12610,"sparselyVegetated","P","B","EU27"
"Sylvia undata undata","","A645",12620,"sparselyVegetated","P","B","EU27"
"Tachybaptus ruficollis ruficollis","Europe & North-west Africa","A690",70,"wetlands","P","B","EU27"
"Tachybaptus ruficollis ruficollis","Europe & North-west Africa","A690",70,"wetlands","P","W","EU27"
"Tachymarptis melba","","A228",7980,"urban","P","B","EU27"
"Tadorna ferruginea","East Mediterranean & Black Sea/North-east Africa","A397-B",1710,"urban","P","B","EU27"
"Tadorna ferruginea","East Mediterranean & Black Sea/North-east Africa","A397-B",1710,"urban","P","W","EU27"
"Tadorna tadorna","","A048",1730,"wetlands","P","B","EU27"
"Tetrao tetrix tetrix","","A409",3320,"sparselyVegetated","P","B","EU27"
"Tetrax tetrax tetrax","Mediterranean (sedentary)","A725-A",4420,"grassland","P","B","EU27"
"Threskiornis aethiopicus","","A758-X",1420,"wetlands","P","B","EU27"
"Tringa erythropus","","A161",5450,"sparselyVegetated","P","W","EU27"
"Tringa glareola","","A166",5540,"wetlands","P","B","EU27"
"Tringa nebularia","","A164",5480,"wetlands","P","B","EU27"
"Tringa nebularia","","A164",5480,"sparselyVegetated","P","W","EU27"
"Tringa ochropus","","A165",5530,"wetlands","P","W","EU27"
"Tringa totanus","","A162",5460,"sparselyVegetated","P","B","EU27"
"Turdus iliacus","","A286",12010,"woodlandForest","P","B","EU27"
"Turdus iliacus","","A286",12010,"woodlandForest","P","W","EU27"
"Turdus merula","","A283",11870,"woodlandForest","P","B","EU27"
"Turdus torquatus","","A282",11860,"woodlandForest","P","B","EU27"
"Turdus viscivorus","","A287",12020,"sparselyVegetated","P","B","EU27"
"Tyto alba","","A213",7350,"grassland","P","B","EU27"
"Uria aalge albionis","","A662",6340,"shelf","P","W","EU27"
"Vanellus vanellus","Europe, W Asia/Europe, N Africa & SW Asia","A142",4930,"grassland","P","B","EU27"
"Vanellus vanellus","Europe, W Asia/Europe, N Africa & SW Asia","A142",4930,"grassland","P","W","EU27"
"Xenus cinereus","","A167",5550,"urban","P","B","EU27"
"Alectoris rufa","","A110",3580,"heathlandShrub","P","B","EU27"
"Anas acuta","","A054",1890,"sparselyVegetated","P","B","EU27"
"Anser anser","","A043",1610,"sparselyVegetated","P","B","EU27"
"Anser anser","","A043-X",1610,"sparselyVegetated","P","B","EU27"
"Anser fabalis rossicus","West & Central Siberia/NE & SW Europe","A702",1574,"grassland","P","W","EU27"
"Anthus campestris","","A255",10050,"heathlandShrub","P","B","EU27"
"Anthus pratensis","","A257",10110,"heathlandShrub","P","B","EU27"
"Anthus spinoletta","","A259",10140,"riversLakes","P","B","EU27"
"Anthus spinoletta","","A259",10140,"riversLakes","P","W","EU27"
"Apus apus","","A226",7950,"urban","P","B","EU27"
"Ardea cinerea cinerea","","A699",1220,"wetlands","P","B","EU27"
"Arenaria interpres","","A169",5610,"riversLakes","P","W","EU27"
"Asio flammeus","","A222",7680,"wetlands","P","B","EU27"
"Asio flammeus","","A222",7680,"grassland","P","W","EU27"
"Aythya fuligula","","A061",2030,"sparselyVegetated","P","B","EU27"
"Branta canadensis","","A044-X",1660,"sparselyVegetated","P","B","EU27"
"Branta leucopsis","","A045-X",1670,"urban","P","B","EU27"
"Branta ruficollis","Northern Siberia/Black Sea & Caspian","A396",1690,"wetlands","P","W","EU27"
"Bucephala clangula","","A067",2180,"riversLakes","P","W","EU27"
"Burhinus oedicnemus","","A133",4590,"heathlandShrub","P","B","EU27"
"Burhinus oedicnemus","","A133",4590,"heathlandShrub","P","W","EU27"
"Buteo lagopus","","A088",2900,"heathlandShrub","P","B","EU27"
"Buteo lagopus","","A088",2900,"grassland","P","W","EU27"
"Buteo rufinus","","A403",2880,"heathlandShrub","P","B","EU27"
"Calandrella rufescens","","A431",9700,"heathlandShrub","P","B","EU27"
"Calidris alpina schinzii","Baltic/SW Europe & NW Africa","A466-B",5123,"grassland","P","B","EU27"
"Calidris temminckii","","A146",5020,"sparselyVegetated","P","B","EU27"
"Carduelis cannabina","","A366",16600,"heathlandShrub","P","B","EU27"
"Carduelis cannabina","","A366",16600,"heathlandShrub","P","W","EU27"
"Carduelis carduelis","","A364",16530,"grassland","P","B","EU27"
"Carduelis carduelis","","A364",16530,"grassland","P","W","EU27"
"Carduelis chloris","","A745",16490,"urban","P","B","EU27"
"Carpodacus erythrinus","","A371",16790,"grassland","P","B","EU27"
"Casmerodius albus albus","W, C & SE Europe/Black Sea & Mediterranean","A698",1210,"sparselyVegetated","P","B","EU27"
"Charadrius alexandrinus alexandrinus","Black Sea & East Mediterranean/Eastern Sahel","A682-B",4770,"sparselyVegetated","P","B","EU27"
"Charadrius alexandrinus alexandrinus","Black Sea & East Mediterranean/Eastern Sahel","A682-B",4770,"sparselyVegetated","P","W","EU27"
"Charadrius dubius curonicus","Europe & North-west Africa/West Africa","A726",4690,"sparselyVegetated","P","B","EU27"
"Charadrius hiaticula","","A137",4700,"sparselyVegetated","P","B","EU27"
"Charadrius hiaticula","","A137",4700,"sparselyVegetated","P","W","EU27"
"Circaetus gallicus","","A080",2560,"woodlandForest","P","B","EU27"
"Circus cyaneus","","A082",2610,"wetlands","P","B","EU27"
"Circus cyaneus","","A082",2610,"wetlands","P","W","EU27"
"Circus macrourus","","A083",2620,"heathlandShrub","P","B","EU27"
"Circus pygargus","","A084",2630,"heathlandShrub","P","B","EU27"
"Coracias garrulus","","A231",8410,"woodlandForest","P","B","EU27"
"Corvus corone cornix","","A742",15673,"urban","P","B","EU27"
"Crex crex","Europe & Western Asia/Sub-Saharan Africa","A122",4210,"wetlands","P","B","EU27"
"Cuculus canorus","","A212",7240,"woodlandForest","P","B","EU27"
"Cygnus columbianus bewickii","Western Siberia & NE Europe/North-west Europe","A037",1532,"grassland","P","W","EU27"
"Cygnus cygnus","N Europe & W Siberia/Black Sea & E Mediterranean","A038-C",1540,"grassland","P","W","EU27"
"Dendrocopos syriacus","","A429",8780,"urban","P","B","EU27"
"Emberiza hortulana","","A379",18660,"heathlandShrub","P","B","EU27"
"Falco cherrug","","A511",3160,"heathlandShrub","P","B","EU27"
"Falco columbarius","","A098",3090,"heathlandShrub","P","B","EU27"
"Falco columbarius","","A098",3090,"heathlandShrub","P","W","EU27"
"Falco naumanni","","A095",3030,"urban","P","B","EU27"
"Falco peregrinus peregrinus","","A708",3201,"urban","P","B","EU27"
"Falco peregrinus peregrinus","","A708",3201,"sparselyVegetated","P","W","EU27"
"Falco subbuteo","","A099",3100,"wetlands","P","B","EU27"
"Falco vespertinus","","A097",3070,"grassland","P","B","EU27"
"Fringilla coelebs all others","","A657",16360,"grassland","P","B","EU27"
"Fringilla coelebs all others","","A657",16360,"grassland","P","W","EU27"
"Galerida theklae","","A245",9730,"heathlandShrub","P","B","EU27"
"Galerida theklae","","A245",9730,"heathlandShrub","P","W","EU27"
"Glareola pratincola pratincola","Black Sea & E Mediterranean/Eastern Sahel zone","A625-B",4650,"wetlands","P","B","EU27"
"Haliaeetus albicilla","","A075",2430,"wetlands","P","B","EU27"
"Himantopus himantopus","","A131",4550,"sparselyVegetated","P","B","EU27"
"Himantopus himantopus","","A131",4550,"sparselyVegetated","P","W","EU27"
"Hippolais caligata","","A741",12560,"woodlandForest","P","B","EU27"
"Hippolais pallida","","A740",12550,"riversLakes","P","B","EU27"
"Lagopus lagopus lagopus","","A461",3291,"wetlands","P","B","EU27"
"Lanius collurio","","A338",15150,"heathlandShrub","P","B","EU27"
"Lanius excubitor excubitor","","A653",15201,"heathlandShrub","P","W","EU27"
"Larus canus","","A182",5900,"sparselyVegetated","P","B","EU27"
"Larus melanocephalus","","A176",5750,"sparselyVegetated","P","B","EU27"
"Larus minutus","","A177",5780,"ocean","P","W","EU27"
"Larus ridibundus","","A179",5820,"wetlands","P","B","EU27"
"Limosa lapponica","","A157",5340,"wetlands","P","W","EU27"
"Limosa limosa islandica","Iceland/Western Europe","A616",5322,"wetlands","P","W","EU27"
"Limosa limosa islandica","Iceland/Western Europe","A616",5322,"wetlands","P","B","EU27"
"Limosa limosa limosa","Western Europe/NW & West Africa","A614-A",5321,"wetlands","P","B","EU27"
"Lullula arborea","","A246",9740,"woodlandForest","P","B","EU27"
"Luscinia luscinia","","A270",11030,"woodlandForest","P","B","EU27"
"Luscinia megarhynchos","","A271",11040,"woodlandForest","P","B","EU27"
"Melanitta fusca fusca","Western Siberia & Northern Europe/NW Europe","A685-B",2151,"sparselyVegetated","P","W","EU27"
"Mergellus albellus","North-east Europe/Black Sea & East Mediterranean","A767-A",2200,"marineInlets","P","W","EU27"
"Merops apiaster","","A230",8400,"heathlandShrub","P","B","EU27"
"Miliaria calandra","","A746",18820,"grassland","P","B","EU27"
"Morus bassanus","","A016",710,"ocean","P","W","EU27"
"Motacilla flava","","A260",10170,"wetlands","P","B","EU27"
"Numenius arquata arquata","Europe/Europe, North & West Africa","A768",5410,"grassland","P","B","EU27"
"Numenius phaeopus","","A158",5380,"wetlands","P","B","EU27"
"Nycticorax nycticorax nycticorax","C & E Europe/Black Sea & E Mediterranean (bre)","A610-A",1040,"riversLakes","P","B","EU27"
"Oenanthe oenanthe","","A277",11460,"heathlandShrub","P","B","EU27"
"Otus scops","","A214",7390,"grassland","P","B","EU27"
"Passer hispaniolensis all others","","A771",15920,"urban","P","B","EU27"
"Phalacrocorax carbo sinensis","","A391",722,"wetlands","P","B","EU27"
"Phasianus colchicus","","A115-X",3940,"heathlandShrub","P","B","EU27"
"Phoenicurus ochruros","","A273",11210,"heathlandShrub","P","B","EU27"
"Phoenicurus ochruros","","A273",11210,"heathlandShrub","P","W","EU27"
"Pluvialis apricaria","","A140",4851,"wetlands","P","W","EU27"
"Podiceps auritus auritus","North-east Europe (small-billed)","A642-B",110,"coastal","P","W","EU27"
"Podiceps auritus auritus","North-east Europe (small-billed)","A642-B",110,"coastal","P","B","EU27"
"Prunella modularis","","A266",10840,"heathlandShrub","P","B","EU27"
"Prunella modularis","","A266",10840,"heathlandShrub","P","W","EU27"
"Recurvirostra avosetta","Western Europe & North-west Africa (bre)","A132-A",4560,"sparselyVegetated","P","B","EU27"
"Recurvirostra avosetta","South-east Europe, Black Sea & Turkey (bre)","A132-B",4560,"sparselyVegetated","P","B","EU27"
"Riparia riparia","","A249",9810,"wetlands","P","B","EU27"
"Rissa tridactyla","","A188",6020,"ocean","P","W","EU27"
"Saxicola rubetra","","A275",11370,"heathlandShrub","P","B","EU27"
"Sterna hirundo","","A193",6150,"sparselyVegetated","P","B","EU27"
"Sterna nilotica nilotica","Black Sea & East Mediterranean/Eastern Africa","A731-B",6050,"sparselyVegetated","P","B","EU27"
"Sylvia curruca","","A308",12740,"heathlandShrub","P","B","EU27"
"Sylvia hortensis","","A306",12720,"heathlandShrub","P","B","EU27"
"Sylvia melanocephala","","A305",12670,"heathlandShrub","P","B","EU27"
"Sylvia nisoria","","A307",12730,"heathlandShrub","P","B","EU27"
"Tadorna ferruginea","East Mediterranean & Black Sea/North-east Africa","A397-B",1710,"wetlands","P","B","EU27"
"Tadorna ferruginea","East Mediterranean & Black Sea/North-east Africa","A397-B",1710,"wetlands","P","W","EU27"
"Tadorna tadorna","","A048",1730,"sparselyVegetated","P","B","EU27"
"Tetrao tetrix tetrix","","A409",3320,"woodlandForest","P","B","EU27"
"Tringa totanus","","A162",5460,"wetlands","P","B","EU27"
"Turdus viscivorus","","A287",12020,"woodlandForest","P","B","EU27"
"Tyto alba","","A213",7350,"urban","P","B","EU27"
"Vanellus vanellus","Europe, W Asia/Europe, N Africa & SW Asia","A142",4930,"wetlands","P","B","EU27"
"Anser albifrons albifrons","","A394",1591,"wetlands","P","W","EU27"
"Anser anser","","A043",1610,"riversLakes","P","W","EU27"
"Anser erythropus","","A042",1600,"wetlands","P","W","EU27"
"Anthus spinoletta","","A259",10140,"wetlands","P","B","EU27"
"Anthus spinoletta","","A259",10140,"wetlands","P","W","EU27"
"Calandrella brachydactyla","","A243",9680,"grassland","P","B","EU27"
"Charadrius dubius curonicus","Europe & North-west Africa/West Africa","A726",4690,"wetlands","P","B","EU27"
"Circus cyaneus","","A082",2610,"heathlandShrub","P","B","EU27"
"Falco columbarius","","A098",3090,"wetlands","P","W","EU27"
"Haliaeetus albicilla","","A075",2430,"woodlandForest","P","B","EU27"
"Lanius excubitor excubitor","","A653",15201,"woodlandForest","P","B","EU27"
"Motacilla flava","","A260",10170,"riversLakes","P","B","EU27"
"Numenius phaeopus","","A158",5380,"woodlandForest","P","B","EU27"
"Riparia riparia","","A249",9810,"urban","P","B","EU27"
"Athene noctua","","A218",7570,"cropland","P","B","EU27"
"Ciconia ciconia ciconia","W Europe & North-west Africa/Sub-Saharan Africa","A667-A",1340,"grassland","P","B","EU27"
"Columba palumbus palumbus","","A687",6700,"cropland","P","B","EU27"
"Dendrocopos major all others","","A658",8760,"cropland","P","B","EU27"
"Emberiza aureola","","A540",18760,"cropland","P","B","EU27"
"Emberiza cirlus","","A377",18580,"cropland","P","B","EU27"
"Emberiza hortulana","","A379",18660,"cropland","P","B","EU27"
"Emberiza melanocephala","","A382",18810,"cropland","P","B","EU27"
"Erythropygia galactotes","","A739",10950,"cropland","P","B","EU27"
"Lanius senator","","A341",15230,"cropland","P","B","EU27"
"Numida meleagris","","A757-X",3980,"cropland","P","B","EU27"
"Perdix perdix hispaniensis","","A415",3670,"cropland","P","B","EU27"
"Saxicola torquatus","","A276",11390,"grassland","P","B","EU27"
"Serinus serinus","","A361",16400,"cropland","P","B","EU27"
"Sturnus unicolor","","A352",15830,"cropland","P","B","EU27"
"Tetrax tetrax tetrax","Continental (migratory)","A725-B",4420,"cropland","P","B","EU27"
